code,title,major_code,major_title,x,y
11110,Legislator,1,"LEGISLATORS, SENIOR OFFICIALS AND MANAGERS",4.7613215,7.7455435
11121,Senior government official,1,"LEGISLATORS, SENIOR OFFICIALS AND MANAGERS",4.887614,7.5674667
11122,Senior statutory board official,1,"LEGISLATORS, SENIOR OFFICIALS AND MANAGERS",4.857881,7.557187
11140,Senior official of political party organisation,1,"LEGISLATORS, SENIOR OFFICIALS AND MANAGERS",4.9232802,7.524226
11150,Senior official of employers’/workers’ and related economic-interest organisation,1,"LEGISLATORS, SENIOR OFFICIALS AND MANAGERS",4.9496,7.547038
11160,Senior official of humanitarian and other special-interest organisation,1,"LEGISLATORS, SENIOR OFFICIALS AND MANAGERS",4.9803634,7.3825436
11201,Managing director/Chief executive officer,1,"LEGISLATORS, SENIOR OFFICIALS AND MANAGERS",4.656447,7.2197037
11202,Company director,1,"LEGISLATORS, SENIOR OFFICIALS AND MANAGERS",4.7599254,7.3023133
11203,Chief operating officer/General manager,1,"LEGISLATORS, SENIOR OFFICIALS AND MANAGERS",4.573509,7.123982
12111,Budgeting/Financial accounting manager,1,"LEGISLATORS, SENIOR OFFICIALS AND MANAGERS",4.1641693,8.031741
12112,Administration manager,1,"LEGISLATORS, SENIOR OFFICIALS AND MANAGERS",4.6018786,7.1667295
12113,Audit manager,1,"LEGISLATORS, SENIOR OFFICIALS AND MANAGERS",4.055898,8.075011
12121,Personnel/Human resource manager,1,"LEGISLATORS, SENIOR OFFICIALS AND MANAGERS",5.35024,7.4791875
12122,Industrial relations manager,1,"LEGISLATORS, SENIOR OFFICIALS AND MANAGERS",5.2693605,7.472576
12123,Training manager,1,"LEGISLATORS, SENIOR OFFICIALS AND MANAGERS",5.3926387,7.342054
12131,Policy manager,1,"LEGISLATORS, SENIOR OFFICIALS AND MANAGERS",4.965844,7.631285
12132,Strategic planning manager,1,"LEGISLATORS, SENIOR OFFICIALS AND MANAGERS",5.1576004,7.859293
12133,Risk management manager,1,"LEGISLATORS, SENIOR OFFICIALS AND MANAGERS",4.270411,8.979222
12191,Premises/Facilities maintenance manager (excluding building security),1,"LEGISLATORS, SENIOR OFFICIALS AND MANAGERS",3.9153543,6.6379604
12192,Landscape manager,1,"LEGISLATORS, SENIOR OFFICIALS AND MANAGERS",-0.6467121,3.1243973
12193,Cleaning operations manager,1,"LEGISLATORS, SENIOR OFFICIALS AND MANAGERS",4.0855236,6.5752287
12194,Security manager,1,"LEGISLATORS, SENIOR OFFICIALS AND MANAGERS",2.9421484,6.7992845
12195,Intellectual property manager,1,"LEGISLATORS, SENIOR OFFICIALS AND MANAGERS",4.8270783,8.855833
12199,Other business services/administration manager n.e.c.,1,"LEGISLATORS, SENIOR OFFICIALS AND MANAGERS",4.557356,6.910868
12211,Sales manager,1,"LEGISLATORS, SENIOR OFFICIALS AND MANAGERS",6.2468867,8.529651
12212,Business development manager,1,"LEGISLATORS, SENIOR OFFICIALS AND MANAGERS",6.232401,8.451506
12213,Regional sales manager,1,"LEGISLATORS, SENIOR OFFICIALS AND MANAGERS",6.213517,8.562005
12214,Merchandising/Category manager,1,"LEGISLATORS, SENIOR OFFICIALS AND MANAGERS",6.211463,8.58078
12215,Online sales channel manager,1,"LEGISLATORS, SENIOR OFFICIALS AND MANAGERS",6.2698364,8.476176
12221,Advertising/Public relations manager,1,"LEGISLATORS, SENIOR OFFICIALS AND MANAGERS",6.184611,8.156092
12222,Marketing manager,1,"LEGISLATORS, SENIOR OFFICIALS AND MANAGERS",6.338942,8.280445
12230,Research and development manager,1,"LEGISLATORS, SENIOR OFFICIALS AND MANAGERS",4.1541686,9.0909
12241,Customer service manager,1,"LEGISLATORS, SENIOR OFFICIALS AND MANAGERS",3.9559584,7.22307
12242,Call centre manager,1,"LEGISLATORS, SENIOR OFFICIALS AND MANAGERS",3.9813762,7.2011943
13100,Production manager in agriculture/fisheries,1,"LEGISLATORS, SENIOR OFFICIALS AND MANAGERS",-1.3201417,2.8833108
13210,Manufacturing manager,1,"LEGISLATORS, SENIOR OFFICIALS AND MANAGERS",3.9041736,6.7663016
13230,Construction manager,1,"LEGISLATORS, SENIOR OFFICIALS AND MANAGERS",3.8353639,6.766458
13241,Supply and distribution/Logistics/Warehousing manager,1,"LEGISLATORS, SENIOR OFFICIALS AND MANAGERS",2.275245,8.509301
13242,Procurement/Purchasing manager,1,"LEGISLATORS, SENIOR OFFICIALS AND MANAGERS",5.48883,9.364634
13243,Transport/Technical operations manager (excluding port and shipping operations),1,"LEGISLATORS, SENIOR OFFICIALS AND MANAGERS",1.7128333,8.363772
13244,Postal service manager,1,"LEGISLATORS, SENIOR OFFICIALS AND MANAGERS",2.2284544,8.167629
13245,Port/Shipping operations manager,1,"LEGISLATORS, SENIOR OFFICIALS AND MANAGERS",2.0031052,8.517222
13291,Technical/Engineering services manager (excluding transport),1,"LEGISLATORS, SENIOR OFFICIALS AND MANAGERS",2.180868,9.631537
13292,Quality control/assurance manager,1,"LEGISLATORS, SENIOR OFFICIALS AND MANAGERS",-2.9412785,5.84292
13299,Other production/operations manager n.e.c.,1,"LEGISLATORS, SENIOR OFFICIALS AND MANAGERS",4.435738,6.9278727
13301,Chief information officer/Chief technology officer/Chief information security officer,1,"LEGISLATORS, SENIOR OFFICIALS AND MANAGERS",2.3802855,9.989044
13302,Software and applications manager,1,"LEGISLATORS, SENIOR OFFICIALS AND MANAGERS",2.601918,9.847876
13303,Network/Communications/Infrastructure manager,1,"LEGISLATORS, SENIOR OFFICIALS AND MANAGERS",2.2067113,9.89103
13304,ICT service manager,1,"LEGISLATORS, SENIOR OFFICIALS AND MANAGERS",2.3571243,9.902399
13305,Chief product officer,1,"LEGISLATORS, SENIOR OFFICIALS AND MANAGERS",2.577673,9.780998
13306,ICT product design manager,1,"LEGISLATORS, SENIOR OFFICIALS AND MANAGERS",2.688798,9.843961
13410,Preschool education/Early intervention centre manager,1,"LEGISLATORS, SENIOR OFFICIALS AND MANAGERS",6.325282,5.139994
13420,Health services manager,1,"LEGISLATORS, SENIOR OFFICIALS AND MANAGERS",4.850406,6.6930413
13430,Aged care services manager,1,"LEGISLATORS, SENIOR OFFICIALS AND MANAGERS",4.8864965,6.6645675
13441,Social services manager,1,"LEGISLATORS, SENIOR OFFICIALS AND MANAGERS",5.072067,6.5974107
13442,Volunteer manager,1,"LEGISLATORS, SENIOR OFFICIALS AND MANAGERS",5.0753636,6.555701
13451,School principal,1,"LEGISLATORS, SENIOR OFFICIALS AND MANAGERS",6.6537833,5.1911836
13459,Education/Training institution manager n.e.c.,1,"LEGISLATORS, SENIOR OFFICIALS AND MANAGERS",6.683816,5.3718133
13461,Financial services manager,1,"LEGISLATORS, SENIOR OFFICIALS AND MANAGERS",4.3944674,9.305623
13462,Insurance services manager,1,"LEGISLATORS, SENIOR OFFICIALS AND MANAGERS",4.4299517,9.127293
13463,Financial risk manager,1,"LEGISLATORS, SENIOR OFFICIALS AND MANAGERS",4.3857536,9.355157
13491,National security/Civil defence/Immigration managerial officer,1,"LEGISLATORS, SENIOR OFFICIALS AND MANAGERS",2.9043179,6.821482
13492,Community partnership/relations manager,1,"LEGISLATORS, SENIOR OFFICIALS AND MANAGERS",4.7887444,6.7630353
13493,Media/Broadcast manager,1,"LEGISLATORS, SENIOR OFFICIALS AND MANAGERS",4.141741,6.317241
13499,Other professional/financial/community/social services manager n.e.c.,1,"LEGISLATORS, SENIOR OFFICIALS AND MANAGERS",4.8260574,6.715906
14110,Hotel operations/Lodging services manager,1,"LEGISLATORS, SENIOR OFFICIALS AND MANAGERS",3.8337831,5.8540416
14121,Restaurant manager,1,"LEGISLATORS, SENIOR OFFICIALS AND MANAGERS",4.111039,4.8086443
14122,Catering manager,1,"LEGISLATORS, SENIOR OFFICIALS AND MANAGERS",4.2453666,4.8164577
14123,Food and beverage operations manager,1,"LEGISLATORS, SENIOR OFFICIALS AND MANAGERS",4.1796203,4.6508794
14201,Retail manager,1,"LEGISLATORS, SENIOR OFFICIALS AND MANAGERS",6.1992455,8.663917
14202,Wholesale trade manager,1,"LEGISLATORS, SENIOR OFFICIALS AND MANAGERS",6.0397887,8.924881
14310,Sports centre manager,1,"LEGISLATORS, SENIOR OFFICIALS AND MANAGERS",4.1896715,6.095732
14321,Casino operations manager,1,"LEGISLATORS, SENIOR OFFICIALS AND MANAGERS",3.9947639,6.279852
14322,Attractions manager,1,"LEGISLATORS, SENIOR OFFICIALS AND MANAGERS",4.0923696,6.0719767
14323,Discotheque/Karaoke/Nightclub manager,1,"LEGISLATORS, SENIOR OFFICIALS AND MANAGERS",4.0373006,5.9999213
14324,Wellness centre manager,1,"LEGISLATORS, SENIOR OFFICIALS AND MANAGERS",4.24334,6.17649
14325,Country club manager,1,"LEGISLATORS, SENIOR OFFICIALS AND MANAGERS",4.137929,6.110891
14329,Recreation centre manager n.e.c.,1,"LEGISLATORS, SENIOR OFFICIALS AND MANAGERS",4.187464,6.1688404
14330,Arts/Cultural centre manager,1,"LEGISLATORS, SENIOR OFFICIALS AND MANAGERS",4.11753,6.1162434
14391,Event manager,1,"LEGISLATORS, SENIOR OFFICIALS AND MANAGERS",4.121528,6.0716715
14392,Travel agency manager,1,"LEGISLATORS, SENIOR OFFICIALS AND MANAGERS",4.1122613,6.1011605
14399,Other services manager n.e.c.,1,"LEGISLATORS, SENIOR OFFICIALS AND MANAGERS",4.6445084,6.845128
21110,Physicist/Astronomer,2,PROFESSIONALS,-2.391369,4.8382535
21120,Meteorologist,2,PROFESSIONALS,-2.4985912,4.80673
21130,Chemist,2,PROFESSIONALS,-1.9618219,4.64451
21141,Geologist,2,PROFESSIONALS,-2.3250227,5.705711
21142,Geophysicist,2,PROFESSIONALS,-2.3318372,5.379019
21149,Geologist/Geophysicist and related physical science professional n.e.c.,2,PROFESSIONALS,-2.284867,5.412112
21211,Mathematician,2,PROFESSIONALS,3.903761,9.549975
21212,Operations research analyst,2,PROFESSIONALS,3.8881838,9.548814
21213,Actuary,2,PROFESSIONALS,4.138755,9.395012
21221,Statistician,2,PROFESSIONALS,3.807373,9.479566
21222,Data scientist,2,PROFESSIONALS,3.6126707,9.61854
21231,Statistical officer/Data analyst,2,PROFESSIONALS,3.7351375,9.416964
21239,Other statistical/mathematical/actuarial professional n.e.c.,2,PROFESSIONALS,3.7797282,9.418971
21311,Biologist,2,PROFESSIONALS,-2.4555173,3.9708037
21312,Zoologist,2,PROFESSIONALS,-2.4097536,3.884917
21319,Biologist/Botanist/Zoologist and related professional n.e.c.,2,PROFESSIONALS,-2.4352076,4.087052
21321,Horticulturist/Arborist,2,PROFESSIONALS,-1.1941214,2.8897188
21322,Aquaculturist,2,PROFESSIONALS,-1.3941013,2.8404677
21323,Agriculturist,2,PROFESSIONALS,-1.3151909,2.900674
21329,Farming/Forestry/Fishery adviser n.e.c.,2,PROFESSIONALS,-1.3199782,2.8336897
21331,Environmental officer (environmental protection),2,PROFESSIONALS,-3.2989047,5.0051403
21332,Environment research scientist,2,PROFESSIONALS,-3.2805216,4.9498982
21333,Environmental analyst,2,PROFESSIONALS,-3.301901,4.99603
21339,Environmental protection and related professional n.e.c.,2,PROFESSIONALS,-3.2603319,5.0340524
21341,Pharmacologist,2,PROFESSIONALS,-2.3020418,4.0048933
21342,Medical laboratory scientist,2,PROFESSIONALS,-2.4701266,4.0396323
21343,Biochemist,2,PROFESSIONALS,-2.451321,4.0132456
21344,Physiologist,2,PROFESSIONALS,-2.5281124,4.0212517
21345,Animal scientist,2,PROFESSIONALS,-2.446194,3.9543777
21346,Medical scientist,2,PROFESSIONALS,-2.4898431,4.005401
21347,Clinical research professional,2,PROFESSIONALS,-2.5220828,3.9870334
21349,Pharmacologist and related professional n.e.c.,2,PROFESSIONALS,-2.4166749,4.0902452
21411,Manufacturing engineer,2,PROFESSIONALS,-1.8028036,7.0145946
21412,Production engineer,2,PROFESSIONALS,-1.854037,7.0494804
21413,Automation engineer,2,PROFESSIONALS,-1.7419157,7.046693
21414,Quality control/assurance engineer,2,PROFESSIONALS,-2.9222007,5.855944
21415,Process engineer,2,PROFESSIONALS,-1.9410597,6.922804
21421,Civil engineer,2,PROFESSIONALS,-2.3765483,6.587132
21422,Building construction engineer,2,PROFESSIONALS,-2.4816244,6.595585
21430,Environmental engineer,2,PROFESSIONALS,-3.288408,5.001876
21441,Mechanical engineer,2,PROFESSIONALS,-1.6117976,7.2128406
21442,Industrial machinery/tools engineer,2,PROFESSIONALS,-1.5705342,7.07264
21443,Air-conditioning/Refrigeration engineer,2,PROFESSIONALS,-1.494276,5.702067
21444,Port equipment engineer,2,PROFESSIONALS,-1.3030331,7.727166
21451,Chemical engineer (excluding petroleum and petrochemical),2,PROFESSIONALS,-1.8062325,4.7000823
21452,Chemical engineer (petroleum),2,PROFESSIONALS,-1.7258288,4.8047023
21453,Chemical engineer (petrochemical),2,PROFESSIONALS,-1.7813798,4.736394
21454,Food/Drink technologist,2,PROFESSIONALS,-1.6711681,4.3809915
21460,Mining engineer/Metallurgist and related professional,2,PROFESSIONALS,-1.2829349,5.8331304
21471,Aeronautical engineer,2,PROFESSIONALS,-0.97432816,7.946731
21472,Automotive engineer,2,PROFESSIONALS,-1.3959652,7.552481
21473,Marine engineer,2,PROFESSIONALS,-1.3556937,8.241834
21474,Naval architect,2,PROFESSIONALS,-1.404359,8.426643
21475,Rolling stock engineer,2,PROFESSIONALS,-1.2467971,7.612236
21491,Biomedical engineer,2,PROFESSIONALS,-1.6961863,6.5049634
21492,Materials engineer,2,PROFESSIONALS,-1.7383609,6.5330405
21493,Industrial safety engineer,2,PROFESSIONALS,-1.7150267,6.563445
21494,Quantity surveyor,2,PROFESSIONALS,-2.5022264,6.221177
21495,Intellectual property engineer,2,PROFESSIONALS,4.828844,8.886509
21496,Energy engineer,2,PROFESSIONALS,-1.6579958,6.546055
21497,Optical engineer,2,PROFESSIONALS,-1.4822803,6.283439
21498,Procurement engineer,2,PROFESSIONALS,5.411221,9.341952
21499,Other engineering professional n.e.c.,2,PROFESSIONALS,-1.8572179,6.2317257
21511,Electrical engineer,2,PROFESSIONALS,-1.2129811,6.8259063
21512,Power generation/distribution engineer,2,PROFESSIONALS,-1.2360754,6.7831016
21513,Lift engineer,2,PROFESSIONALS,-0.8424374,7.1551237
21521,Electronics engineer,2,PROFESSIONALS,-1.1539351,6.890492
21522,Computer engineer,2,PROFESSIONALS,-0.877307,7.004458
21523,Semi-conductor engineer,2,PROFESSIONALS,-1.2421992,6.9348235
21524,Audio/Video equipment engineer,2,PROFESSIONALS,-0.38199824,6.6574664
21525,Instrumentation engineer,2,PROFESSIONALS,-1.3494027,7.0200667
21526,Embedded systems engineer,2,PROFESSIONALS,-1.1895767,6.9431224
21531,Media/Broadcast engineer,2,PROFESSIONALS,-0.35619593,6.659802
21532,Telecommunications engineer,2,PROFESSIONALS,-0.8293359,7.0151978
21610,Building architect,2,PROFESSIONALS,-2.5063365,6.546549
21621,Landscape architect,2,PROFESSIONALS,-0.55736494,3.2722793
21622,Landscape designer,2,PROFESSIONALS,-0.53769946,3.2405562
21631,Fashion designer,2,PROFESSIONALS,1.056034,4.595545
21632,Product/Industrial designer,2,PROFESSIONALS,1.0658889,4.5565724
21641,Urban planner,2,PROFESSIONALS,-0.4902489,3.2902176
21649,Urban and related planner n.e.c.,2,PROFESSIONALS,-0.46189606,3.3542132
21651,Land surveyor,2,PROFESSIONALS,-2.4341233,5.992132
21652,Hydrographic surveyor,2,PROFESSIONALS,-2.4897993,6.1096616
21659,Surveyor/Cartographer n.e.c.,2,PROFESSIONALS,-2.434875,6.0446286
21661,Graphic designer,2,PROFESSIONALS,1.1444329,4.6240196
21662,Multimedia designer/artist/animator,2,PROFESSIONALS,1.1941173,4.8166747
21669,Graphic/Multimedia designer/artist n.e.c.,2,PROFESSIONALS,1.2007416,4.7763233
21670,Service designer,2,PROFESSIONALS,1.1432122,4.6138167
21711,Chief/Second engineer (ship),2,PROFESSIONALS,-1.2151424,8.669613
21712,Technical superintendent,2,PROFESSIONALS,-1.2044398,8.656461
21713,Ship captain/Chief mate,2,PROFESSIONALS,-1.167818,8.87793
21714,Marine superintendent,2,PROFESSIONALS,-1.152372,8.780472
21721,Commercial airline pilot,2,PROFESSIONALS,-0.26496866,8.283585
21722,Aircraft pilot (excluding commercial airline and air force),2,PROFESSIONALS,-0.34952885,8.2147875
21723,Flying instructor (excluding air force),2,PROFESSIONALS,-0.32542527,8.259255
21724,Flight engineer,2,PROFESSIONALS,-0.6239253,8.121887
21729,Aircraft pilot and related professional n.e.c.,2,PROFESSIONALS,-0.37806424,8.207337
22110,General practitioner/Physician,2,PROFESSIONALS,5.7953415,2.46724
22121,Cardiologist,2,PROFESSIONALS,5.624415,2.4480166
22122,Dermatologist,2,PROFESSIONALS,5.567555,2.4909887
22123,Gastroenterologist,2,PROFESSIONALS,5.703551,2.5279238
22124,Internal medicine physician,2,PROFESSIONALS,5.7167487,2.507749
22125,Medical oncologist,2,PROFESSIONALS,5.6873736,2.5376804
22126,Paediatrician,2,PROFESSIONALS,5.748946,2.3006246
22127,Respiratory physician,2,PROFESSIONALS,5.6497564,2.4597976
22128,Psychiatrist,2,PROFESSIONALS,5.7372723,2.4166753
22129,Specialist medical practitioner (medical) n.e.c.,2,PROFESSIONALS,5.5344276,2.6395564
22131,General surgeon,2,PROFESSIONALS,5.723397,2.2526026
22132,Cardiothoracic surgeon,2,PROFESSIONALS,5.6381125,2.3604274
22133,Hand surgeon,2,PROFESSIONALS,5.712676,2.2585187
22134,Neurosurgeon,2,PROFESSIONALS,5.597541,2.2897053
22135,Orthopaedic surgeon,2,PROFESSIONALS,5.6656656,2.2812755
22136,Paediatric surgeon,2,PROFESSIONALS,5.6476016,2.2811332
22137,Plastic surgeon,2,PROFESSIONALS,5.5961537,2.2949986
22138,Urologist,2,PROFESSIONALS,5.670991,2.3500445
22139,Specialist medical practitioner (surgical) n.e.c.,2,PROFESSIONALS,5.4811797,2.5227952
22141,Anaesthesiologist,2,PROFESSIONALS,5.7006874,2.344178
22142,Diagnostic radiologist,2,PROFESSIONALS,5.002047,2.4253018
22143,Emergency physician,2,PROFESSIONALS,5.760948,2.5076938
22144,Obstetrician/Gynaecologist,2,PROFESSIONALS,5.743328,2.4181886
22145,Ophthalmologist,2,PROFESSIONALS,5.396501,2.5883331
22146,Pathologist,2,PROFESSIONALS,5.5946403,2.4886653
22147,Public health physician,2,PROFESSIONALS,5.743412,2.5008202
22148,"Otorhinolaryngologist/Ear, nose, throat (ENT) specialist",2,PROFESSIONALS,5.4971547,2.3818393
22149,Specialist medical practitioner (other specialisation) n.e.c.,2,PROFESSIONALS,5.425562,2.664637
22200,Registered nurse and related nursing professional (excluding enrolled nurse),2,PROFESSIONALS,5.2829633,3.1832383
22301,Traditional Chinese medicine practitioner,2,PROFESSIONALS,5.4055037,2.8081403
22302,Traditional Chinese medicine acupuncturist,2,PROFESSIONALS,5.2211733,2.9069433
22500,Veterinarian,2,PROFESSIONALS,3.1371992,3.1633992
22611,General dental practitioner,2,PROFESSIONALS,4.7162905,2.6189172
22612,Specialised dentist,2,PROFESSIONALS,4.7904496,2.5711777
22621,Pharmacist (patient care),2,PROFESSIONALS,-1.9617957,4.113065
22629,Pharmacist n.e.c.,2,PROFESSIONALS,-1.988768,4.1161036
22631,Occupational health and safety professional,2,PROFESSIONALS,-3.190786,5.136366
22632,Environmental officer (public health),2,PROFESSIONALS,-3.2943563,5.101835
22639,Environmental and occupational health and hygiene professional n.e.c.,2,PROFESSIONALS,-3.2133577,5.0928288
22640,Physiotherapist,2,PROFESSIONALS,4.9761124,2.883171
22651,Dietitian,2,PROFESSIONALS,4.782521,3.5576594
22652,Nutritionist,2,PROFESSIONALS,4.7380915,3.5206647
22661,Audiologist,2,PROFESSIONALS,4.904448,2.67582
22662,Speech therapist,2,PROFESSIONALS,4.870277,2.7332613
22670,Optometrist,2,PROFESSIONALS,5.191389,2.6463675
22680,Occupational therapist,2,PROFESSIONALS,4.9144926,2.9026544
22691,Chiropractor,2,PROFESSIONALS,4.990612,2.7181172
22692,Podiatrist,2,PROFESSIONALS,4.9800005,2.62756
22693,Diagnostic radiographer,2,PROFESSIONALS,4.982452,2.453175
22694,Radiation therapist,2,PROFESSIONALS,4.9727063,2.5518682
22699,Other health professional n.e.c.,2,PROFESSIONALS,5.0181847,2.940795
23101,University lecturer,2,PROFESSIONALS,7.0292816,5.26322
23102,Polytechnic lecturer,2,PROFESSIONALS,7.021046,5.2709002
23103,Teaching assistant/Tutor in university,2,PROFESSIONALS,6.94134,5.2004724
23109,University/Polytechnic/Higher education teacher n.e.c.,2,PROFESSIONALS,6.872801,5.365893
23200,Junior college/Pre-university teacher,2,PROFESSIONALS,6.891434,5.199926
23300,Technical/Vocational/Commercial education institute teacher/trainer,2,PROFESSIONALS,6.9614787,5.191517
23400,Secondary school teacher,2,PROFESSIONALS,6.9071813,5.273798
23500,Primary school teacher,2,PROFESSIONALS,6.725376,5.168775
23611,Education methods adviser,2,PROFESSIONALS,7.001838,5.3002152
23612,Instructional designer/technologist,2,PROFESSIONALS,7.1037555,5.292588
23619,Education methods specialist n.e.c.,2,PROFESSIONALS,6.8664923,5.408489
23621,Teacher of the visually impaired,2,PROFESSIONALS,6.886231,5.256788
23622,Early intervention teacher for infants and children,2,PROFESSIONALS,6.652638,5.1850376
23629,Special education teacher n.e.c.,2,PROFESSIONALS,6.840886,5.327243
23690,Teaching professional n.e.c.,2,PROFESSIONALS,6.8128777,5.4133325
24111,Accountant (excluding tax accountant),2,PROFESSIONALS,3.9559884,8.188002
24112,Auditor (accounting),2,PROFESSIONALS,3.9339511,8.212359
24113,Tax accountant,2,PROFESSIONALS,3.9692223,8.160168
24121,Financial/Investment adviser,2,PROFESSIONALS,4.6301727,9.879509
24122,Business valuer,2,PROFESSIONALS,4.6338897,9.67697
24131,Financial analyst,2,PROFESSIONALS,4.578124,9.858311
24132,Compliance officer/Risk analyst (financial),2,PROFESSIONALS,4.642828,9.808174
24133,Fund/Portfolio manager,2,PROFESSIONALS,4.5689893,9.887188
24134,Treasury manager,2,PROFESSIONALS,4.5198846,9.807601
24135,Financial product structurer,2,PROFESSIONALS,4.5792794,9.862188
24136,Energy portfolio manager,2,PROFESSIONALS,4.6005282,9.878917
24139,Financial analyst and related professional n.e.c.,2,PROFESSIONALS,4.736438,9.979528
24141,Securities/Finance dealer,2,PROFESSIONALS,4.999057,9.973013
24142,Foreign exchange dealer,2,PROFESSIONALS,5.027901,10.024645
24143,Financial derivatives dealer,2,PROFESSIONALS,5.0367913,9.978725
24149,Securities/Finance dealer n.e.c.,2,PROFESSIONALS,5.0083294,10.0217285
24151,Securities/Finance broker,2,PROFESSIONALS,5.071217,9.974116
24152,Foreign exchange broker,2,PROFESSIONALS,5.032293,10.020385
24153,Financial derivatives broker,2,PROFESSIONALS,5.029667,10.012561
24154,Commodities/Freight derivatives broker,2,PROFESSIONALS,5.2169347,9.886168
24159,Securities/Finance broker n.e.c.,2,PROFESSIONALS,5.0542145,9.977794
24160,Insurance underwriter,2,PROFESSIONALS,4.3534465,9.163325
24211,Management consultant,2,PROFESSIONALS,3.1333988,9.580948
24212,Business consultant,2,PROFESSIONALS,3.1505978,9.62483
24213,Business/Financial project management professional,2,PROFESSIONALS,3.1883004,9.550254
24214,Sustainability project development/management professional,2,PROFESSIONALS,3.1080222,9.543711
24221,Policy administration professional,2,PROFESSIONALS,4.8758698,7.5967813
24222,Risk analyst (non-financial),2,PROFESSIONALS,4.1207685,9.50921
24231,Human resource consultant (excluding executive search consultant),2,PROFESSIONALS,5.419178,7.467134
24232,Executive search consultant,2,PROFESSIONALS,5.3479853,7.527689
24233,Personnel/Human resource officer,2,PROFESSIONALS,5.3984375,7.472628
24234,Industrial relations officer,2,PROFESSIONALS,5.322024,7.4333806
24240,Training/Staff development professional,2,PROFESSIONALS,5.578084,7.246327
24251,Intellectual property agent,2,PROFESSIONALS,4.8441916,8.805045
24252,Intellectual property examiner,2,PROFESSIONALS,4.830124,8.851538
24291,Research officer (non-statistical),2,PROFESSIONALS,3.8750331,9.45433
24299,Other administration professional n.e.c.,2,PROFESSIONALS,4.655727,6.9758067
24311,Creative advertising professional,2,PROFESSIONALS,6.4063687,8.370642
24312,Market research professional,2,PROFESSIONALS,6.3469357,8.381013
24313,Marketing strategy/planning professional,2,PROFESSIONALS,6.419601,8.379726
24314,Digital marketing professional,2,PROFESSIONALS,6.383332,8.390938
24315,Revenue specialist,2,PROFESSIONALS,6.4166074,8.422032
24320,Public relations/Corporate communications professional,2,PROFESSIONALS,6.175184,8.079506
24331,Technical sales professional,2,PROFESSIONALS,5.994465,8.7961855
24332,Medical/Pharmaceutical products sales professional,2,PROFESSIONALS,6.0139203,8.713354
24333,ICT sales and services professional,2,PROFESSIONALS,5.9665213,8.734204
24334,Sales professional (institutional sales of financial products),2,PROFESSIONALS,6.02553,8.650262
24339,Specialised goods sales professional n.e.c.,2,PROFESSIONALS,5.7544703,8.671217
24351,"Commodities trader (excluding oil, bunker and environmental commodities)",2,PROFESSIONALS,5.36318,9.7661
24352,Oil/Bunker trader,2,PROFESSIONALS,5.3450756,9.791138
24353,Ship charterer,2,PROFESSIONALS,5.253379,9.873858
24354,Environmental commodities trader,2,PROFESSIONALS,5.389095,9.75112
24361,Trade broker,2,PROFESSIONALS,5.3199606,9.69581
24362,Ship broker,2,PROFESSIONALS,5.3833294,9.760873
25111,Systems designer/analyst,2,PROFESSIONALS,2.7254727,9.87443
25112,ICT business process consultant/business analyst,2,PROFESSIONALS,2.7964091,9.853921
25113,Enterprise/Solution/Software architect,2,PROFESSIONALS,2.793628,9.935735
25114,ICT product manager,2,PROFESSIONALS,2.625071,9.764871
25121,Software developer,2,PROFESSIONALS,2.8460033,9.903529
25122,Web/Mobile applications developer,2,PROFESSIONALS,2.861499,9.926092
25123,Multimedia-games developer/designer,2,PROFESSIONALS,2.7779632,9.878929
25124,Interaction designer,2,PROFESSIONALS,1.2428135,4.673048
25125,DevOps engineer,2,PROFESSIONALS,2.8277242,9.861484
25141,Applications/Systems programmer,2,PROFESSIONALS,2.8749964,9.959853
25142,Artificial intelligence applied researcher,2,PROFESSIONALS,2.8901272,9.945969
25143,Artificial intelligence/Machine learning engineer,2,PROFESSIONALS,2.90572,10.000021
25151,ICT quality assurance specialist,2,PROFESSIONALS,2.1146908,10.189882
25152,ICT auditor,2,PROFESSIONALS,2.03416,10.2814045
25190,Software and applications developer/analyst n.e.c.,2,PROFESSIONALS,1.7878076,9.9105835
25211,Data/Database administrator,2,PROFESSIONALS,2.3761485,10.150244
25212,Data/Database architect,2,PROFESSIONALS,2.4621348,10.125986
25213,Data engineer,2,PROFESSIONALS,2.5779116,10.0959425
25220,Network/Server/Applications/Computer systems administrator,2,PROFESSIONALS,2.2361534,10.045454
25231,Cloud specialist,2,PROFESSIONALS,2.2201378,10.071878
25232,IT infrastructure specialist,2,PROFESSIONALS,2.1830301,10.062814
25233,Automation and orchestration engineer,2,PROFESSIONALS,2.188071,9.888669
25239,Computer network/infrastructure/platform professional n.e.c.,2,PROFESSIONALS,1.7055653,9.787693
25241,Cyber risk specialist,2,PROFESSIONALS,1.9108708,10.323823
25242,Penetration testing specialist,2,PROFESSIONALS,1.9518402,10.327754
25243,Security operations specialist,2,PROFESSIONALS,1.9384567,10.333342
25244,Digital forensics specialist,2,PROFESSIONALS,1.9316258,10.335557
25245,Cybersecurity architect,2,PROFESSIONALS,1.9862025,10.281801
25246,Cyber incident investigation specialist,2,PROFESSIONALS,1.9736264,10.317942
25247,Threat analysis specialist,2,PROFESSIONALS,1.9566218,10.340607
25249,Cybersecurity professional n.e.c.,2,PROFESSIONALS,1.7402915,10.073609
25291,Data centre engineer,2,PROFESSIONALS,2.333521,10.12801
25299,Other database/network/infrastructure/cybersecurity professional n.e.c.,2,PROFESSIONALS,1.8460305,10.027015
26111,Advocate/Solicitor (practising),2,PROFESSIONALS,4.7014284,8.363162
26112,"In-house legal counsel (excluding judiciary, ministries and statutory boards)",2,PROFESSIONALS,4.659216,8.38221
26119,Lawyer n.e.c.,2,PROFESSIONALS,4.658581,8.328388
26120,Judge,2,PROFESSIONALS,4.6783905,8.348129
26191,Arbitrator/Mediator,2,PROFESSIONALS,4.6770153,8.388962
26199,Other legal professional n.e.c.,2,PROFESSIONALS,4.640336,8.284626
26211,Archivist,2,PROFESSIONALS,2.249511,6.17373
26212,Curator,2,PROFESSIONALS,2.2866032,6.1256843
26213,Conservator,2,PROFESSIONALS,2.287008,6.1417813
26221,Librarian,2,PROFESSIONALS,2.2723668,6.291749
26229,Librarian and related information professional n.e.c.,2,PROFESSIONALS,2.2706456,6.3392687
26310,Economist,2,PROFESSIONALS,4.317664,9.772965
26321,Sociologist/Anthropologist,2,PROFESSIONALS,5.4688315,6.7540183
26322,Social science researcher,2,PROFESSIONALS,5.4302588,6.8726063
26331,Political scientist,2,PROFESSIONALS,5.4079165,6.9047737
26339,Historian/Political scientist and related social science professional n.e.c.,2,PROFESSIONALS,5.3813157,6.892946
26361,Minister of religion,2,PROFESSIONALS,5.155011,6.166011
26369,Religious professional n.e.c.,2,PROFESSIONALS,5.230853,6.0619287
26411,Author,2,PROFESSIONALS,1.5170946,5.938062
26412,Script writer/editor,2,PROFESSIONALS,1.4608985,5.874791
26413,Content writer,2,PROFESSIONALS,1.5253522,5.9565125
26414,Technical writer,2,PROFESSIONALS,1.5995663,6.1349754
26415,Book editor,2,PROFESSIONALS,1.5183159,5.9754643
26419,Author and related writer n.e.c.,2,PROFESSIONALS,1.5217104,5.87704
26421,Journalist,2,PROFESSIONALS,1.4255927,6.009013
26422,Editor (news/periodicals),2,PROFESSIONALS,1.4834517,5.9895244
26431,Translator,2,PROFESSIONALS,1.683547,6.2443676
26432,Interpreter,2,PROFESSIONALS,1.6673125,6.2619314
26511,Painter,2,PROFESSIONALS,0.98957515,4.137135
26519,Visual artist n.e.c.,2,PROFESSIONALS,1.1794062,4.7199283
26521,Instrumentalist,2,PROFESSIONALS,0.9989367,5.673621
26522,Composer/Orchestrator,2,PROFESSIONALS,1.0474865,5.676399
26523,Conductor/Director of orchestra/band/choir,2,PROFESSIONALS,1.0587279,5.646374
26524,Singer,2,PROFESSIONALS,1.0775975,5.72328
26529,Musician/Composer/Singer n.e.c.,2,PROFESSIONALS,1.0824251,5.688965
26530,Dancer/Choreographer,2,PROFESSIONALS,1.3937186,5.591807
26541,Producer (stage/film/television/commercial/video/radio),2,PROFESSIONALS,1.489204,5.741672
26542,Director (stage/film/television/commercial/video/radio),2,PROFESSIONALS,1.4569665,5.6600037
26543,Artistic director (stage/film/television/commercial/video/radio),2,PROFESSIONALS,1.5081805,5.6448655
26544,Editor (radio/television/video),2,PROFESSIONALS,1.4415125,5.897944
26549,Film/Stage and related director/producer n.e.c.,2,PROFESSIONALS,1.5275807,5.711173
26550,Actor,2,PROFESSIONALS,1.4070681,5.597063
26561,Radio/Television presenter,2,PROFESSIONALS,1.1431477,5.9168057
26569,Radio/Television presenter and related professional n.e.c.,2,PROFESSIONALS,1.0226656,5.911364
26611,Clinical psychologist,2,PROFESSIONALS,6.185326,5.6269116
26612,Educational psychologist,2,PROFESSIONALS,6.343633,5.5380397
26613,Industrial/Organisational psychologist,2,PROFESSIONALS,6.126319,5.7293825
26619,Psychologist n.e.c.,2,PROFESSIONALS,6.090334,5.677617
26621,Social worker (general),2,PROFESSIONALS,5.6871796,6.0073123
26622,Medical social worker,2,PROFESSIONALS,5.641186,5.9322696
26623,Youth work professional,2,PROFESSIONALS,5.6597214,5.981868
26629,Social work professional n.e.c.,2,PROFESSIONALS,5.618841,6.0180707
26631,Counsellor (rehabilitation),2,PROFESSIONALS,5.8069434,5.869084
26632,Counsellor (drugs/alcohol),2,PROFESSIONALS,5.887897,5.801366
26633,Counsellor (family),2,PROFESSIONALS,5.8800635,5.825137
26634,School counsellor,2,PROFESSIONALS,6.345212,5.5660777
26639,Counselling professional n.e.c.,2,PROFESSIONALS,5.872076,5.8300395
26640,Job coach (disability),2,PROFESSIONALS,5.598747,6.021949
31001,Assistant civil/structural engineer,3,ASSOCIATE PROFESSIONALS AND TECHNICIANS,-2.1571476,6.667004
31002,Assistant electrical engineer,3,ASSOCIATE PROFESSIONALS AND TECHNICIANS,-1.6918666,6.822355
31003,Assistant electronics engineer,3,ASSOCIATE PROFESSIONALS AND TECHNICIANS,-1.6978701,6.794364
31004,Assistant mechanical engineer,3,ASSOCIATE PROFESSIONALS AND TECHNICIANS,-1.8510802,6.9866576
31005,Assistant chemical engineer,3,ASSOCIATE PROFESSIONALS AND TECHNICIANS,-1.9066479,4.987541
31006,Assistant manufacturing engineer,3,ASSOCIATE PROFESSIONALS AND TECHNICIANS,-1.914818,6.9345856
31009,Assistant engineer n.e.c.,3,ASSOCIATE PROFESSIONALS AND TECHNICIANS,-1.9905612,6.638852
31111,Chemistry technician,3,ASSOCIATE PROFESSIONALS AND TECHNICIANS,-2.0263479,4.6323347
31112,Physics technician,3,ASSOCIATE PROFESSIONALS AND TECHNICIANS,-2.2723334,4.8632784
31119,Chemical/Physical science technician n.e.c.,3,ASSOCIATE PROFESSIONALS AND TECHNICIANS,-2.1539907,4.702358
31121,Civil engineering technician,3,ASSOCIATE PROFESSIONALS AND TECHNICIANS,-2.3879297,6.504945
31122,Building technician,3,ASSOCIATE PROFESSIONALS AND TECHNICIANS,-2.43007,6.488871
31123,Land surveying technician,3,ASSOCIATE PROFESSIONALS AND TECHNICIANS,-2.3998022,6.0061564
31124,Resident technical officer,3,ASSOCIATE PROFESSIONALS AND TECHNICIANS,-2.4738734,6.402284
31129,Civil engineering technician n.e.c.,3,ASSOCIATE PROFESSIONALS AND TECHNICIANS,-2.076873,6.2070217
31131,Electrical engineering technician,3,ASSOCIATE PROFESSIONALS AND TECHNICIANS,-1.1861808,6.89061
31132,Lift technician,3,ASSOCIATE PROFESSIONALS AND TECHNICIANS,-0.7585833,7.1732883
31141,Electronics engineering technician,3,ASSOCIATE PROFESSIONALS AND TECHNICIANS,-1.1071957,6.9169483
31142,Semi-conductor technician,3,ASSOCIATE PROFESSIONALS AND TECHNICIANS,-1.192492,6.8887825
31143,Audio/Video equipment technician,3,ASSOCIATE PROFESSIONALS AND TECHNICIANS,-0.41473207,6.649238
31144,Instrumentation technician,3,ASSOCIATE PROFESSIONALS AND TECHNICIANS,-1.2764918,6.966918
31151,Mechanical engineering technician,3,ASSOCIATE PROFESSIONALS AND TECHNICIANS,-1.5798103,7.1684036
31152,Air-conditioning/Refrigeration engineering technician,3,ASSOCIATE PROFESSIONALS AND TECHNICIANS,-1.5436424,5.7882266
31153,Machining/Tooling technician,3,ASSOCIATE PROFESSIONALS AND TECHNICIANS,-1.4111683,6.923719
31161,"Chemical engineering technician (excluding petroleum, natural gas and petrochemical)",3,ASSOCIATE PROFESSIONALS AND TECHNICIANS,-1.8657167,4.78802
31162,Chemical engineering technician (petroleum/natural gas),3,ASSOCIATE PROFESSIONALS AND TECHNICIANS,-1.8800777,4.7885094
31163,Chemical engineering technician (petrochemical),3,ASSOCIATE PROFESSIONALS AND TECHNICIANS,-1.8204503,4.7878084
31164,Food science technician,3,ASSOCIATE PROFESSIONALS AND TECHNICIANS,-1.7437104,4.3950086
31171,Manufacturing engineering technician,3,ASSOCIATE PROFESSIONALS AND TECHNICIANS,-1.7070395,7.1145773
31172,Production engineering technician,3,ASSOCIATE PROFESSIONALS AND TECHNICIANS,-1.8355157,7.085929
31173,Process engineering technician,3,ASSOCIATE PROFESSIONALS AND TECHNICIANS,-1.8979017,7.060761
31174,Automation technician,3,ASSOCIATE PROFESSIONALS AND TECHNICIANS,-1.6242383,7.196535
31175,Quality assurance technician,3,ASSOCIATE PROFESSIONALS AND TECHNICIANS,-2.963392,5.828776
31181,Mechanical draughtsperson,3,ASSOCIATE PROFESSIONALS AND TECHNICIANS,-2.6856396,6.909342
31182,Electrical/Electronics draughtsperson,3,ASSOCIATE PROFESSIONALS AND TECHNICIANS,-2.6890714,6.891484
31183,Civil/Structural engineering draughtsperson,3,ASSOCIATE PROFESSIONALS AND TECHNICIANS,-2.6988587,6.8420925
31184,Architectural draughtsperson,3,ASSOCIATE PROFESSIONALS AND TECHNICIANS,-2.7210429,6.8093443
31185,Marine draughtsperson,3,ASSOCIATE PROFESSIONALS AND TECHNICIANS,-2.697289,6.9113064
31189,Draughtsperson n.e.c.,3,ASSOCIATE PROFESSIONALS AND TECHNICIANS,-2.7427092,6.853409
31211,Aeronautical engineering technician,3,ASSOCIATE PROFESSIONALS AND TECHNICIANS,-0.9842928,7.8664145
31212,Automotive engineering technician,3,ASSOCIATE PROFESSIONALS AND TECHNICIANS,-1.3901716,7.51041
31213,Marine surveyor (ship/nautical),3,ASSOCIATE PROFESSIONALS AND TECHNICIANS,-1.341512,8.571058
31214,Rolling stock engineering technician,3,ASSOCIATE PROFESSIONALS AND TECHNICIANS,-1.2325851,7.6309576
31291,Mechatronics technician,3,ASSOCIATE PROFESSIONALS AND TECHNICIANS,-1.5348079,7.0881543
31292,Metallurgical technician,3,ASSOCIATE PROFESSIONALS AND TECHNICIANS,-1.302296,5.8076377
31293,Precision optics technician,3,ASSOCIATE PROFESSIONALS AND TECHNICIANS,-1.1182559,5.896327
31294,Quantity surveying technician,3,ASSOCIATE PROFESSIONALS AND TECHNICIANS,-2.4643736,6.1614676
31295,Airport maintenance technician,3,ASSOCIATE PROFESSIONALS AND TECHNICIANS,-0.7509951,7.7630486
31299,Other physical/engineering science technician n.e.c.,3,ASSOCIATE PROFESSIONALS AND TECHNICIANS,-1.9492869,5.7234116
31310,Power generating plant operator,3,ASSOCIATE PROFESSIONALS AND TECHNICIANS,-1.1581813,5.541135
31321,Stationary engine operator,3,ASSOCIATE PROFESSIONALS AND TECHNICIANS,-1.2599467,5.224919
31322,Compressor operator,3,ASSOCIATE PROFESSIONALS AND TECHNICIANS,-1.2288046,5.237241
31323,Pumping station operator,3,ASSOCIATE PROFESSIONALS AND TECHNICIANS,-1.1557784,5.2483945
31324,Water treatment machine operator (waterworks),3,ASSOCIATE PROFESSIONALS AND TECHNICIANS,-1.2077247,5.176657
31325,Refrigeration system operator,3,ASSOCIATE PROFESSIONALS AND TECHNICIANS,-1.4784291,5.657289
31329,Incinerator/Water treatment plant and related machine operator n.e.c.,3,ASSOCIATE PROFESSIONALS AND TECHNICIANS,-1.2266185,5.298797
31331,Chemical processing/products plant controller,3,ASSOCIATE PROFESSIONALS AND TECHNICIANS,-1.2801677,4.8558903
31332,Pharmaceutical products machine controller,3,ASSOCIATE PROFESSIONALS AND TECHNICIANS,-1.3000276,4.6908393
31341,Petroleum/Natural gas refining plant operator,3,ASSOCIATE PROFESSIONALS AND TECHNICIANS,-1.1725543,5.0221786
31342,Cylinder filler/tester (compressed/liquefied gases),3,ASSOCIATE PROFESSIONALS AND TECHNICIANS,-1.2335705,5.026355
31350,Metal production process controller,3,ASSOCIATE PROFESSIONALS AND TECHNICIANS,-1.0907665,4.9661756
31391,Remote crane operator,3,ASSOCIATE PROFESSIONALS AND TECHNICIANS,0.24283527,7.162756
31392,Automated assembly line/Industrial robot operator,3,ASSOCIATE PROFESSIONALS AND TECHNICIANS,-1.3072075,6.4197574
31399,Other process control technician n.e.c.,3,ASSOCIATE PROFESSIONALS AND TECHNICIANS,-1.2155634,4.960565
31411,Biological technician,3,ASSOCIATE PROFESSIONALS AND TECHNICIANS,-2.3969054,4.039597
31412,Clinical research coordinator,3,ASSOCIATE PROFESSIONALS AND TECHNICIANS,-2.5131822,3.9464216
31419,Life science technician (excluding medical) n.e.c.,3,ASSOCIATE PROFESSIONALS AND TECHNICIANS,-2.3910646,4.152977
31421,Horticultural technician,3,ASSOCIATE PROFESSIONALS AND TECHNICIANS,-1.2256492,2.9823732
31422,Plant tissue culture technician,3,ASSOCIATE PROFESSIONALS AND TECHNICIANS,-1.4871542,3.1365666
31423,Farming technician (animal production),3,ASSOCIATE PROFESSIONALS AND TECHNICIANS,-1.4936949,3.0437603
31510,Marine engineering officer,3,ASSOCIATE PROFESSIONALS AND TECHNICIANS,-1.2604668,8.487766
31521,Ship’s deck navigating officer,3,ASSOCIATE PROFESSIONALS AND TECHNICIANS,-1.1322572,8.87106
31522,Harbour pilot,3,ASSOCIATE PROFESSIONALS AND TECHNICIANS,-1.0460908,8.982979
31529,Ship’s deck officer/pilot n.e.c.,3,ASSOCIATE PROFESSIONALS AND TECHNICIANS,-1.08995,8.883946
31540,Air traffic controller,3,ASSOCIATE PROFESSIONALS AND TECHNICIANS,-0.17905174,8.383513
31560,Sea traffic controller,3,ASSOCIATE PROFESSIONALS AND TECHNICIANS,-1.0036496,8.953091
31571,Air transport service supervisor,3,ASSOCIATE PROFESSIONALS AND TECHNICIANS,0.15676539,8.29555
31572,Train service supervisor,3,ASSOCIATE PROFESSIONALS AND TECHNICIANS,1.356085,8.143783
31573,Road transport supervisor,3,ASSOCIATE PROFESSIONALS AND TECHNICIANS,1.395785,8.079759
31574,Port/Shipping operations supervisor,3,ASSOCIATE PROFESSIONALS AND TECHNICIANS,-0.72293514,8.881344
31579,Transport operations supervisor n.e.c.,3,ASSOCIATE PROFESSIONALS AND TECHNICIANS,1.6652601,7.816184
31591,Port master/Dockmaster,3,ASSOCIATE PROFESSIONALS AND TECHNICIANS,-1.0603383,8.917102
31592,Port captain,3,ASSOCIATE PROFESSIONALS AND TECHNICIANS,-1.0760885,8.93862
31593,Flight operations officer,3,ASSOCIATE PROFESSIONALS AND TECHNICIANS,-0.18588056,8.332093
31594,Air cargo officer,3,ASSOCIATE PROFESSIONALS AND TECHNICIANS,0.31216204,8.156748
31595,Load control officer (aircraft),3,ASSOCIATE PROFESSIONALS AND TECHNICIANS,0.21864168,8.22826
31596,Train operations officer,3,ASSOCIATE PROFESSIONALS AND TECHNICIANS,1.3788756,8.20315
31597,Road transport operations officer,3,ASSOCIATE PROFESSIONALS AND TECHNICIANS,1.2669457,8.029382
31599,Other transport controller and related worker n.e.c.,3,ASSOCIATE PROFESSIONALS AND TECHNICIANS,1.5508054,7.921035
31601,Premises/Facilities maintenance officer,3,ASSOCIATE PROFESSIONALS AND TECHNICIANS,3.934342,6.166831
31602,Landscape operations officer,3,ASSOCIATE PROFESSIONALS AND TECHNICIANS,-0.6530097,3.043142
31603,Parks officer,3,ASSOCIATE PROFESSIONALS AND TECHNICIANS,3.7973387,6.1051016
31711,Fire and safety inspector,3,ASSOCIATE PROFESSIONALS AND TECHNICIANS,-2.8293788,5.3436327
31719,Building/Fire inspector n.e.c.,3,ASSOCIATE PROFESSIONALS AND TECHNICIANS,-2.8151171,5.342816
31720,Safety inspector (vehicles/processes/products),3,ASSOCIATE PROFESSIONALS AND TECHNICIANS,-2.987694,5.567156
32111,Sonographer,3,ASSOCIATE PROFESSIONALS AND TECHNICIANS,4.929963,2.4142916
32112,Medical X-ray technician,3,ASSOCIATE PROFESSIONALS AND TECHNICIANS,4.9786186,2.37516
32119,Medical imaging/therapeutic equipment technician n.e.c.,3,ASSOCIATE PROFESSIONALS AND TECHNICIANS,5.000729,2.482291
32120,Medical/Pathology laboratory technician,3,ASSOCIATE PROFESSIONALS AND TECHNICIANS,-2.3507507,4.124593
32130,Pharmacy technician,3,ASSOCIATE PROFESSIONALS AND TECHNICIANS,-1.9193134,4.1387095
32141,Prosthetist/Orthotist,3,ASSOCIATE PROFESSIONALS AND TECHNICIANS,4.705165,2.6910365
32142,Prosthetic/Orthotic technician,3,ASSOCIATE PROFESSIONALS AND TECHNICIANS,4.675549,2.648026
32143,Dental technician,3,ASSOCIATE PROFESSIONALS AND TECHNICIANS,4.6723185,2.6402323
32200,Enrolled/Assistant nurse (excluding registered nurse),3,ASSOCIATE PROFESSIONALS AND TECHNICIANS,5.1763334,3.4084167
32300,Traditional and complementary medicine associate professional,3,ASSOCIATE PROFESSIONALS AND TECHNICIANS,5.2640886,2.9400377
32400,Veterinary technician/assistant,3,ASSOCIATE PROFESSIONALS AND TECHNICIANS,3.2102304,3.1484163
32510,Oral health therapist,3,ASSOCIATE PROFESSIONALS AND TECHNICIANS,4.7159295,2.699351
32530,Community health worker,3,ASSOCIATE PROFESSIONALS AND TECHNICIANS,5.620957,5.8981285
32540,Optician,3,ASSOCIATE PROFESSIONALS AND TECHNICIANS,-0.8891979,5.8461723
32551,Massage therapist,3,ASSOCIATE PROFESSIONALS AND TECHNICIANS,4.950356,2.9541793
32559,Physiotherapy technician and related associate professional n.e.c.,3,ASSOCIATE PROFESSIONALS AND TECHNICIANS,5.061378,3.0604277
32571,Environmental inspector (environmental public health),3,ASSOCIATE PROFESSIONALS AND TECHNICIANS,-3.175247,5.14293
32572,Occupational health and safety inspector,3,ASSOCIATE PROFESSIONALS AND TECHNICIANS,-3.1174614,5.2727494
32591,Paramedic,3,ASSOCIATE PROFESSIONALS AND TECHNICIANS,5.7574797,2.5587044
32599,Other health associate professional n.e.c.,3,ASSOCIATE PROFESSIONALS AND TECHNICIANS,5.1410885,3.3427691
33120,Credit/Loans officer,3,ASSOCIATE PROFESSIONALS AND TECHNICIANS,4.064933,8.735925
33131,Assistant accountant,3,ASSOCIATE PROFESSIONALS AND TECHNICIANS,3.8770373,8.276831
33132,Audit associate professional,3,ASSOCIATE PROFESSIONALS AND TECHNICIANS,3.9360409,8.215986
33133,Tax associate professional,3,ASSOCIATE PROFESSIONALS AND TECHNICIANS,4.011249,8.188759
33151,Appraiser/Valuer (excluding intangible asset valuer),3,ASSOCIATE PROFESSIONALS AND TECHNICIANS,4.65663,9.414107
33152,Assessor,3,ASSOCIATE PROFESSIONALS AND TECHNICIANS,4.4840674,9.18594
33153,Intangible asset valuer,3,ASSOCIATE PROFESSIONALS AND TECHNICIANS,4.6342697,9.375608
33160,Financial services back office administrator,3,ASSOCIATE PROFESSIONALS AND TECHNICIANS,3.912125,8.793287
33211,Insurance sales agent/broker,3,ASSOCIATE PROFESSIONALS AND TECHNICIANS,4.610862,9.04321
33219,Insurance representative and related associate professional n.e.c.,3,ASSOCIATE PROFESSIONALS AND TECHNICIANS,4.587845,8.943552
33221,Business development executive,3,ASSOCIATE PROFESSIONALS AND TECHNICIANS,6.184701,8.555819
33222,After sales adviser/Client account service executive,3,ASSOCIATE PROFESSIONALS AND TECHNICIANS,5.9146633,8.742606
33223,Marketing and sales executive (food and beverage services),3,ASSOCIATE PROFESSIONALS AND TECHNICIANS,6.145551,8.679709
33224,Online sales channel executive,3,ASSOCIATE PROFESSIONALS AND TECHNICIANS,6.1558766,8.609986
33225,Merchandising/Category executive,3,ASSOCIATE PROFESSIONALS AND TECHNICIANS,6.1521626,8.631863
33229,Commercial/Marketing sales executive n.e.c.,3,ASSOCIATE PROFESSIONALS AND TECHNICIANS,5.8813386,8.743824
33231,Buyer,3,ASSOCIATE PROFESSIONALS AND TECHNICIANS,5.557009,9.341002
33232,Purchasing agent,3,ASSOCIATE PROFESSIONALS AND TECHNICIANS,5.513887,9.405893
33291,Intellectual property broker/transaction specialist,3,ASSOCIATE PROFESSIONALS AND TECHNICIANS,4.985109,8.912645
33299,Other sales and related associate professional n.e.c.,3,ASSOCIATE PROFESSIONALS AND TECHNICIANS,5.316546,8.686415
33311,Clearing/Forwarding agent,3,ASSOCIATE PROFESSIONALS AND TECHNICIANS,1.7571653,8.444249
33312,Shipping agent/Boarding officer,3,ASSOCIATE PROFESSIONALS AND TECHNICIANS,1.8931504,8.560318
33313,Freight inspector,3,ASSOCIATE PROFESSIONALS AND TECHNICIANS,1.7453233,8.352076
33320,Exhibition/Conference/Event planner,3,ASSOCIATE PROFESSIONALS AND TECHNICIANS,3.9818997,5.9815183
33330,Employment agent/Labour contractor,3,ASSOCIATE PROFESSIONALS AND TECHNICIANS,5.402264,7.5838995
33340,Real estate agent,3,ASSOCIATE PROFESSIONALS AND TECHNICIANS,5.3541307,9.082773
33391,Auctioneer,3,ASSOCIATE PROFESSIONALS AND TECHNICIANS,5.3796606,9.037033
33392,Advertising salesperson,3,ASSOCIATE PROFESSIONALS AND TECHNICIANS,5.953402,8.839548
33393,International market agent/representative,3,ASSOCIATE PROFESSIONALS AND TECHNICIANS,5.43559,9.035662
33394,Safety/Security consultant,3,ASSOCIATE PROFESSIONALS AND TECHNICIANS,5.164573,8.980203
33399,Other business services agent n.e.c.,3,ASSOCIATE PROFESSIONALS AND TECHNICIANS,5.3323193,8.957055
33461,Logistics/Production planner,3,ASSOCIATE PROFESSIONALS AND TECHNICIANS,2.1177173,8.674058
33462,Maintenance planner,3,ASSOCIATE PROFESSIONALS AND TECHNICIANS,1.6263828,8.783888
33491,Management executive,3,ASSOCIATE PROFESSIONALS AND TECHNICIANS,4.6215186,7.1912365
33492,Operations officer (administrative),3,ASSOCIATE PROFESSIONALS AND TECHNICIANS,1.8209573,7.9809737
33493,Crewing executive (ship),3,ASSOCIATE PROFESSIONALS AND TECHNICIANS,-1.1574938,8.890896
33494,Executive secretary,3,ASSOCIATE PROFESSIONALS AND TECHNICIANS,3.8437896,7.6301713
33499,Other administrative and related associate professional n.e.c.,3,ASSOCIATE PROFESSIONALS AND TECHNICIANS,4.741979,6.9201875
33510,Customs/Immigration officer,3,ASSOCIATE PROFESSIONALS AND TECHNICIANS,1.8091364,8.376513
33551,Police inspector,3,ASSOCIATE PROFESSIONALS AND TECHNICIANS,2.9048133,6.6919446
33552,Auxiliary police officer supervisor,3,ASSOCIATE PROFESSIONALS AND TECHNICIANS,2.8574958,6.662024
33591,Government tax/excise official,3,ASSOCIATE PROFESSIONALS AND TECHNICIANS,4.281868,7.995395
33592,Government social benefits official,3,ASSOCIATE PROFESSIONALS AND TECHNICIANS,4.7451534,7.703331
33593,Government licensing official,3,ASSOCIATE PROFESSIONALS AND TECHNICIANS,4.5552893,7.8258896
33599,Other government associate professional n.e.c.,3,ASSOCIATE PROFESSIONALS AND TECHNICIANS,4.528919,7.800388
33601,Air transport equipment project executive,3,ASSOCIATE PROFESSIONALS AND TECHNICIANS,1.4477626,8.7869425
33602,Rail transport equipment project executive,3,ASSOCIATE PROFESSIONALS AND TECHNICIANS,1.4442135,8.710163
33603,Road transport equipment project executive,3,ASSOCIATE PROFESSIONALS AND TECHNICIANS,1.4821781,8.798574
33609,Transport equipment project executive n.e.c.,3,ASSOCIATE PROFESSIONALS AND TECHNICIANS,1.4780301,8.765311
34110,Legal associate professional,3,ASSOCIATE PROFESSIONALS AND TECHNICIANS,4.5370536,8.430606
34121,Youth work associate,3,ASSOCIATE PROFESSIONALS AND TECHNICIANS,5.7114735,5.9357686
34122,Social work associate,3,ASSOCIATE PROFESSIONALS AND TECHNICIANS,5.6246614,6.038485
34123,Volunteer executive,3,ASSOCIATE PROFESSIONALS AND TECHNICIANS,5.4006987,6.245935
34210,Athlete/Sportsperson,3,ASSOCIATE PROFESSIONALS AND TECHNICIANS,5.1741695,5.054493
34221,Sports coach,3,ASSOCIATE PROFESSIONALS AND TECHNICIANS,5.156713,5.0507536
34222,Martial arts instructor,3,ASSOCIATE PROFESSIONALS AND TECHNICIANS,5.3348074,5.009889
34223,Physical fitness instructor,3,ASSOCIATE PROFESSIONALS AND TECHNICIANS,5.1750984,5.002437
34224,Sports official,3,ASSOCIATE PROFESSIONALS AND TECHNICIANS,5.1230583,5.0978928
34229,Sports coach/instructor/official and related associate professional n.e.c.,3,ASSOCIATE PROFESSIONALS AND TECHNICIANS,5.2505174,5.0572553
34310,Photographer,3,ASSOCIATE PROFESSIONALS AND TECHNICIANS,0.44133112,5.83868
34321,Interior designer,3,ASSOCIATE PROFESSIONALS AND TECHNICIANS,1.0814373,4.572057
34322,Decorator,3,ASSOCIATE PROFESSIONALS AND TECHNICIANS,1.0919563,4.583583
34323,Visual merchandiser,3,ASSOCIATE PROFESSIONALS AND TECHNICIANS,1.1462829,4.553079
34331,Library officer,3,ASSOCIATE PROFESSIONALS AND TECHNICIANS,2.2285795,6.2643304
34332,Gallery/Museum and related technician,3,ASSOCIATE PROFESSIONALS AND TECHNICIANS,2.2249343,6.08789
34341,Chef (excluding pastry chef),3,ASSOCIATE PROFESSIONALS AND TECHNICIANS,4.190331,4.6148195
34342,Kitchen operations head/supervisor,3,ASSOCIATE PROFESSIONALS AND TECHNICIANS,4.2048306,4.5803924
34343,Pastry chef,3,ASSOCIATE PROFESSIONALS AND TECHNICIANS,4.1437125,4.62804
34391,Tattooist,3,ASSOCIATE PROFESSIONALS AND TECHNICIANS,2.5078752,3.4603255
34399,Other artistic/cultural associate professional n.e.c.,3,ASSOCIATE PROFESSIONALS AND TECHNICIANS,1.2689797,5.126359
34401,Disc jockey,3,ASSOCIATE PROFESSIONALS AND TECHNICIANS,1.087982,5.797837
34409,Creative/Performing arts associate professional n.e.c.,3,ASSOCIATE PROFESSIONALS AND TECHNICIANS,1.2185007,5.2657013
35110,Computer systems operator,3,ASSOCIATE PROFESSIONALS AND TECHNICIANS,2.2408736,9.879283
35121,IT infrastructure technician,3,ASSOCIATE PROFESSIONALS AND TECHNICIANS,2.2048247,10.031131
35122,IT security technician,3,ASSOCIATE PROFESSIONALS AND TECHNICIANS,2.0739977,10.239338
35123,IT support technician,3,ASSOCIATE PROFESSIONALS AND TECHNICIANS,2.272896,10.1052065
35129,Computer technician n.e.c.,3,ASSOCIATE PROFESSIONALS AND TECHNICIANS,1.7168726,9.77046
35140,Website administrator/Webmaster,3,ASSOCIATE PROFESSIONALS AND TECHNICIANS,2.2358613,10.097169
35211,Media/Broadcasting operations technician,3,ASSOCIATE PROFESSIONALS AND TECHNICIANS,0.05649035,6.480025
35212,Video camera operator,3,ASSOCIATE PROFESSIONALS AND TECHNICIANS,0.21445465,6.328043
35213,Television/Motion picture camera operator,3,ASSOCIATE PROFESSIONALS AND TECHNICIANS,0.29375914,6.2288694
35214,Radio/Television studio equipment operator,3,ASSOCIATE PROFESSIONALS AND TECHNICIANS,0.21274734,6.350218
35215,Sound engineering technician,3,ASSOCIATE PROFESSIONALS AND TECHNICIANS,0.1913705,6.3881145
35219,Broadcasting technician/Audio-visual operator n.e.c.,3,ASSOCIATE PROFESSIONALS AND TECHNICIANS,0.3085826,6.3260856
35220,Telecommunications engineering technician,3,ASSOCIATE PROFESSIONALS AND TECHNICIANS,-1.0111556,7.0716815
35231,Telecommunications service supervisor,3,ASSOCIATE PROFESSIONALS AND TECHNICIANS,-0.27910203,7.046787
35232,Radio-telephone operator (land-based),3,ASSOCIATE PROFESSIONALS AND TECHNICIANS,-0.2696194,6.876289
35239,Telecommunications equipment operator n.e.c.,3,ASSOCIATE PROFESSIONALS AND TECHNICIANS,0.07853369,6.617789
35290,Telecommunications/Broadcasting technician/Audio-visual operator n.e.c.,3,ASSOCIATE PROFESSIONALS AND TECHNICIANS,0.13243134,6.4424872
36100,Preschool education teacher,3,ASSOCIATE PROFESSIONALS AND TECHNICIANS,6.524358,5.0958066
36201,Language instructor (extracurriculum),3,ASSOCIATE PROFESSIONALS AND TECHNICIANS,7.2091165,5.1807466
36202,Art and craft instructor (extracurriculum),3,ASSOCIATE PROFESSIONALS AND TECHNICIANS,7.1795626,5.198478
36203,Information technology trainer (extracurriculum),3,ASSOCIATE PROFESSIONALS AND TECHNICIANS,7.135583,5.25128
36204,Music instructor (extracurriculum),3,ASSOCIATE PROFESSIONALS AND TECHNICIANS,7.2210827,5.1786866
36205,Dance instructor (extracurriculum),3,ASSOCIATE PROFESSIONALS AND TECHNICIANS,7.15108,5.2270613
36206,Speech and drama instructor (extracurriculum),3,ASSOCIATE PROFESSIONALS AND TECHNICIANS,7.2179456,5.1811686
36209,Extracurriculum instructor n.e.c.,3,ASSOCIATE PROFESSIONALS AND TECHNICIANS,7.1012635,5.2243023
36910,Private tutor (academic),3,ASSOCIATE PROFESSIONALS AND TECHNICIANS,6.798952,5.286085
36991,Relief teacher,3,ASSOCIATE PROFESSIONALS AND TECHNICIANS,6.803386,5.1630335
36999,Other teaching associate professional n.e.c.,3,ASSOCIATE PROFESSIONALS AND TECHNICIANS,6.805828,5.364095
39910,Non-ordained religious associate professional,3,ASSOCIATE PROFESSIONALS AND TECHNICIANS,5.2153654,6.162731
40000,Office supervisor,4,CLERICAL SUPPORT WORKERS,2.2165644,7.426617
41101,Office clerk,4,CLERICAL SUPPORT WORKERS,3.418413,7.918662
41102,Personnel/Human resource clerk,4,CLERICAL SUPPORT WORKERS,5.130671,7.6142077
41109,General office clerk n.e.c.,4,CLERICAL SUPPORT WORKERS,3.4552217,7.898792
41201,Secretary,4,CLERICAL SUPPORT WORKERS,3.4191115,7.7431846
41202,Verbatim reporter,4,CLERICAL SUPPORT WORKERS,1.686693,6.3942575
41310,Typist/Word processing operator,4,CLERICAL SUPPORT WORKERS,1.5313238,6.2849116
41320,Data entry clerk,4,CLERICAL SUPPORT WORKERS,3.5018106,8.634077
42111,Bank teller,4,CLERICAL SUPPORT WORKERS,3.3501146,8.379709
42112,Postal service counter clerk,4,CLERICAL SUPPORT WORKERS,3.1058524,8.290067
42113,Money changer,4,CLERICAL SUPPORT WORKERS,3.2908597,8.317374
42119,Bank teller and related counter clerk n.e.c.,4,CLERICAL SUPPORT WORKERS,3.2587225,8.262464
42131,Pawnbroker,4,CLERICAL SUPPORT WORKERS,4.1874456,8.822894
42132,Moneylender,4,CLERICAL SUPPORT WORKERS,4.0250616,8.750298
42141,Bill collector,4,CLERICAL SUPPORT WORKERS,3.7033005,8.545844
42149,Bill collector and related worker n.e.c.,4,CLERICAL SUPPORT WORKERS,3.5229359,8.3139715
42210,Travel consultant/reservation executive,4,CLERICAL SUPPORT WORKERS,3.6577666,5.946659
42230,Telephone operator,4,CLERICAL SUPPORT WORKERS,-0.32171428,6.9300056
42241,Receptionist (general),4,CLERICAL SUPPORT WORKERS,3.6544554,6.189737
42242,Hotel receptionist,4,CLERICAL SUPPORT WORKERS,3.6206658,5.9710727
42243,Medical/Dental receptionist,4,CLERICAL SUPPORT WORKERS,3.6325784,6.098193
42244,Passenger services agent,4,CLERICAL SUPPORT WORKERS,3.456739,5.9375677
42245,Customer service officer/clerk,4,CLERICAL SUPPORT WORKERS,3.834072,7.3854837
42246,Contact centre information clerk,4,CLERICAL SUPPORT WORKERS,3.8772511,7.3726215
42247,Hotel executive,4,CLERICAL SUPPORT WORKERS,3.7274144,5.878676
42249,Receptionist/Customer service/information clerk n.e.c.,4,CLERICAL SUPPORT WORKERS,3.648482,7.4917097
42290,Client information clerk n.e.c.,4,CLERICAL SUPPORT WORKERS,3.6638372,7.768101
43111,Bookkeeper,4,CLERICAL SUPPORT WORKERS,3.762865,8.330942
43112,Ledger/Accounts clerk,4,CLERICAL SUPPORT WORKERS,3.7048578,8.466846
43113,Audit clerk,4,CLERICAL SUPPORT WORKERS,3.6590898,8.308607
43114,Payroll/Wages clerk,4,CLERICAL SUPPORT WORKERS,3.6527364,8.479998
43115,Billing clerk,4,CLERICAL SUPPORT WORKERS,3.6412425,8.451574
43116,Procurement/Purchasing clerk,4,CLERICAL SUPPORT WORKERS,5.4139085,9.294568
43119,Accounting/Bookkeeping clerk n.e.c.,4,CLERICAL SUPPORT WORKERS,3.6525958,8.309313
43121,Bank operations clerk,4,CLERICAL SUPPORT WORKERS,3.6571023,8.5287
43122,Insurance/Underwriting clerk,4,CLERICAL SUPPORT WORKERS,3.9464264,8.647705
43123,Securities clerk,4,CLERICAL SUPPORT WORKERS,3.805897,8.6074295
43129,Finance/Insurance clerk n.e.c.,4,CLERICAL SUPPORT WORKERS,3.806085,8.507102
43141,Statistical clerk,4,CLERICAL SUPPORT WORKERS,3.6661527,9.219156
43142,Enumerator/Market research interviewer,4,CLERICAL SUPPORT WORKERS,3.8129385,9.310383
43151,Data processing control clerk,4,CLERICAL SUPPORT WORKERS,2.3330028,8.969229
43159,Computer operations clerk n.e.c.,4,CLERICAL SUPPORT WORKERS,2.3222091,9.025217
43211,Stock records clerk,4,CLERICAL SUPPORT WORKERS,2.8122506,8.49026
43212,Storekeeper,4,CLERICAL SUPPORT WORKERS,2.8242183,8.482982
43219,Stock clerk n.e.c.,4,CLERICAL SUPPORT WORKERS,2.9014418,8.434326
43221,Material planning clerk,4,CLERICAL SUPPORT WORKERS,2.189639,8.715518
43222,Production planning clerk,4,CLERICAL SUPPORT WORKERS,2.1770928,8.895729
43229,Production clerk n.e.c.,4,CLERICAL SUPPORT WORKERS,2.331732,8.813585
43231,Shipping clerk,4,CLERICAL SUPPORT WORKERS,1.7808111,8.40558
43232,Land transport clerk,4,CLERICAL SUPPORT WORKERS,1.4418018,8.231774
43233,Air transport clerk,4,CLERICAL SUPPORT WORKERS,1.363473,8.212815
43239,Transport clerk n.e.c.,4,CLERICAL SUPPORT WORKERS,1.7394938,8.242346
44110,Library clerk,4,CLERICAL SUPPORT WORKERS,2.234988,6.362004
44121,Postal service supervisor,4,CLERICAL SUPPORT WORKERS,2.3274949,7.9406734
44122,Postman,4,CLERICAL SUPPORT WORKERS,2.403164,7.8492527
44123,Process server,4,CLERICAL SUPPORT WORKERS,2.4127252,7.9085436
44129,Mail carrier/sorting worker n.e.c.,4,CLERICAL SUPPORT WORKERS,2.4420435,7.868206
44170,Legal clerk,4,CLERICAL SUPPORT WORKERS,4.310345,8.361774
44191,Proofreading clerk,4,CLERICAL SUPPORT WORKERS,1.5442883,6.1644936
44199,Other clerical support worker n.e.c.,4,CLERICAL SUPPORT WORKERS,3.2436812,7.7871184
51111,Chief steward,5,SERVICES AND SALES WORKERS,-0.8372016,8.803139
51112,Cabin attendant/steward,5,SERVICES AND SALES WORKERS,-0.3738066,8.698658
51121,Rail station service assistant,5,SERVICES AND SALES WORKERS,1.3213886,8.218231
51122,Ticket inspector,5,SERVICES AND SALES WORKERS,1.3948786,8.128918
51129,Transport service inspector and related worker n.e.c.,5,SERVICES AND SALES WORKERS,1.3920388,8.099887
51131,Tour guide,5,SERVICES AND SALES WORKERS,3.5500093,6.0618696
51132,Attractions guide,5,SERVICES AND SALES WORKERS,3.588213,6.052819
51201,Cook,5,SERVICES AND SALES WORKERS,4.1596007,4.611599
51202,Senior cook,5,SERVICES AND SALES WORKERS,4.1884,4.5863314
51311,Captain waiter/Waiter supervisor,5,SERVICES AND SALES WORKERS,3.9692233,4.8869333
51312,Waiter,5,SERVICES AND SALES WORKERS,3.9772124,4.9355993
51313,Sommelier,5,SERVICES AND SALES WORKERS,4.0211954,4.95337
51321,Bartender/Mixologist,5,SERVICES AND SALES WORKERS,3.9402392,4.933882
51322,Barista,5,SERVICES AND SALES WORKERS,3.9077926,4.8962054
51330,Bar/Lounge hostess,5,SERVICES AND SALES WORKERS,3.9610183,5.049819
51390,Waiter/Bartender n.e.c.,5,SERVICES AND SALES WORKERS,3.9480615,4.8818903
51411,Hair stylist/Hairdresser,5,SERVICES AND SALES WORKERS,2.64178,3.3587768
51412,Barber,5,SERVICES AND SALES WORKERS,2.6440313,3.3495548
51419,Hairdresser/Barber and related worker n.e.c.,5,SERVICES AND SALES WORKERS,2.5952668,3.3055186
51421,Beautician,5,SERVICES AND SALES WORKERS,2.5974405,3.4040391
51422,Manicurist,5,SERVICES AND SALES WORKERS,2.646726,3.3534992
51423,Makeup artist (stage/film/studio),5,SERVICES AND SALES WORKERS,2.5189857,3.4732075
51491,Masseur (non-medical),5,SERVICES AND SALES WORKERS,4.86423,3.0791142
51492,Slimming consultant,5,SERVICES AND SALES WORKERS,4.8675876,3.3828058
51499,Other wellness related worker n.e.c.,5,SERVICES AND SALES WORKERS,4.9657755,3.292185
51501,Housekeeper (hotel and related establishment),5,SERVICES AND SALES WORKERS,2.9648666,4.7622395
51502,House steward,5,SERVICES AND SALES WORKERS,3.4477746,4.874752
51503,Housekeeping matron,5,SERVICES AND SALES WORKERS,2.9591146,4.799158
51504,Head butler (hotel and related establishment),5,SERVICES AND SALES WORKERS,3.4624646,5.0703125
51505,Butler (hotel and related establishment),5,SERVICES AND SALES WORKERS,3.4257276,5.1154194
51509,Housekeeper and related worker n.e.c.,5,SERVICES AND SALES WORKERS,2.883917,4.786074
51701,Gaming supervisor,5,SERVICES AND SALES WORKERS,3.739008,6.7032337
51702,Bookmaker/Croupier/Casino dealer and related gaming worker,5,SERVICES AND SALES WORKERS,3.694887,7.151177
51910,Astrologer/Fortune-teller and related worker,5,SERVICES AND SALES WORKERS,4.261721,9.402351
51931,Funeral director,5,SERVICES AND SALES WORKERS,3.03074,4.0719395
51932,Embalmer,5,SERVICES AND SALES WORKERS,2.8498445,3.751047
51941,Pet groomer,5,SERVICES AND SALES WORKERS,2.9902985,3.2420096
51942,Keeper/Trainer in zoological/bird/aquatic park,5,SERVICES AND SALES WORKERS,3.097964,3.2034845
51943,Horse trainer,5,SERVICES AND SALES WORKERS,3.1429963,3.2128904
51944,Dog trainer,5,SERVICES AND SALES WORKERS,3.1030834,3.2176988
51949,Pet groomer/Animal keeper/trainer n.e.c.,5,SERVICES AND SALES WORKERS,3.0672684,3.2366498
51950,Driving instructor/tester,5,SERVICES AND SALES WORKERS,6.981447,5.13763
51991,Social escort,5,SERVICES AND SALES WORKERS,4.073783,5.613318
51999,Other personal services worker n.e.c.,5,SERVICES AND SALES WORKERS,4.6015167,6.324459
52110,Hawker/Stall holder (excluding prepared food and drinks),5,SERVICES AND SALES WORKERS,5.4967365,8.678316
52120,Hawker/Stall holder (prepared food/drinks),5,SERVICES AND SALES WORKERS,3.9331338,5.0883784
52130,Newsvendor,5,SERVICES AND SALES WORKERS,2.766873,7.485802
52190,Stall sales worker n.e.c.,5,SERVICES AND SALES WORKERS,5.4987106,8.519367
52201,Sales supervisor,5,SERVICES AND SALES WORKERS,6.022536,8.787852
52202,Shop sales assistant,5,SERVICES AND SALES WORKERS,5.9033065,8.802194
52301,Cage/Count supervisor,5,SERVICES AND SALES WORKERS,3.3439176,8.053891
52302,Cashier (general),5,SERVICES AND SALES WORKERS,3.193543,8.269552
52303,Office cashier,5,SERVICES AND SALES WORKERS,3.227842,8.303427
52309,Cashier/Ticket clerk n.e.c.,5,SERVICES AND SALES WORKERS,3.2408962,8.281296
52410,Fashion and related model,5,SERVICES AND SALES WORKERS,1.0763675,4.6961064
52421,Sales demonstrator,5,SERVICES AND SALES WORKERS,5.8618956,8.754342
52422,Salesperson (door-to-door),5,SERVICES AND SALES WORKERS,5.793296,8.860005
52440,Telemarketer,5,SERVICES AND SALES WORKERS,5.941332,8.434089
52491,Petrol station attendant,5,SERVICES AND SALES WORKERS,3.623002,5.102456
52492,Food service counter attendant,5,SERVICES AND SALES WORKERS,3.9061332,4.900091
52499,Other sales worker n.e.c.,5,SERVICES AND SALES WORKERS,5.487305,8.393559
53111,Babysitter/Infant care-giver,5,SERVICES AND SALES WORKERS,6.0230837,5.0802608
53112,Confinement nanny,5,SERVICES AND SALES WORKERS,5.9734364,5.0184503
53113,Child/After school care centre worker,5,SERVICES AND SALES WORKERS,6.0893927,5.123301
53114,Child/Youth residential care assistant,5,SERVICES AND SALES WORKERS,6.0418973,5.1045527
53120,Teacher aide,5,SERVICES AND SALES WORKERS,6.715488,5.14895
53201,Healthcare assistant,5,SERVICES AND SALES WORKERS,5.0807714,3.4566061
53202,Nursing aide/assistant,5,SERVICES AND SALES WORKERS,5.1596613,3.5757446
53203,Dental aide/assistant,5,SERVICES AND SALES WORKERS,5.021555,3.4186146
53209,Healthcare assistant and related personal care worker n.e.c.,5,SERVICES AND SALES WORKERS,5.11762,3.4784682
54110,Fire-fighting/Rescue officer,5,SERVICES AND SALES WORKERS,-2.5727003,5.343279
54121,Police officer,5,SERVICES AND SALES WORKERS,2.842979,6.718479
54122,Narcotics officer,5,SERVICES AND SALES WORKERS,2.9207344,6.6381974
54123,Auxiliary police officer,5,SERVICES AND SALES WORKERS,2.8871825,6.640832
54130,Prison officer,5,SERVICES AND SALES WORKERS,2.8396301,6.7013655
54141,Senior security supervisor,5,SERVICES AND SALES WORKERS,2.7901027,6.7806425
54142,Security supervisor,5,SERVICES AND SALES WORKERS,2.835564,6.7454333
54143,Senior private security officer,5,SERVICES AND SALES WORKERS,2.8965895,6.7266026
54144,Private security officer,5,SERVICES AND SALES WORKERS,2.9008815,6.6541123
54150,Lifeguard,5,SERVICES AND SALES WORKERS,-0.9771438,8.734875
54191,Private investigator,5,SERVICES AND SALES WORKERS,3.0832357,6.502347
54192,Industrial investigator,5,SERVICES AND SALES WORKERS,3.079397,6.5018973
54193,Insurance investigator,5,SERVICES AND SALES WORKERS,3.1180463,6.615646
54194,Park ranger,5,SERVICES AND SALES WORKERS,3.233087,6.2012835
54199,Other protective services and related worker n.e.c.,5,SERVICES AND SALES WORKERS,3.0796878,6.36053
59000,Services worker n.e.c.,5,SERVICES AND SALES WORKERS,4.505254,6.5645986
61110,Vegetable farm worker,6,AGRICULTURAL AND FISHERY WORKERS,-1.0611203,2.960775
61131,Landscape/Plant nursery supervisor,6,AGRICULTURAL AND FISHERY WORKERS,-0.8507386,3.0052645
61132,Plant nursery worker,6,AGRICULTURAL AND FISHERY WORKERS,-0.9323936,2.947905
61133,Gardener/Horticultural worker,6,AGRICULTURAL AND FISHERY WORKERS,-0.93517387,2.987753
61210,Livestock/Dairy farm worker,6,AGRICULTURAL AND FISHERY WORKERS,-1.2260003,2.9905386
61220,Poultry farm worker,6,AGRICULTURAL AND FISHERY WORKERS,-1.3248785,2.915729
61900,Agricultural worker n.e.c.,6,AGRICULTURAL AND FISHERY WORKERS,-1.0822692,2.972657
62211,Fish/Prawn farm worker,6,AGRICULTURAL AND FISHERY WORKERS,-1.38564,2.8456771
62212,Aquarium fish farm worker,6,AGRICULTURAL AND FISHERY WORKERS,-1.4066352,2.8593025
62219,Aquaculture worker n.e.c.,6,AGRICULTURAL AND FISHERY WORKERS,-1.4000087,2.8330169
62220,Coastal waters/Deep sea fishery worker,6,AGRICULTURAL AND FISHERY WORKERS,-1.4264627,2.8569424
71000,Supervisor/General foreman (building and related trades),7,CRAFTSMEN AND RELATED TRADES WORKERS,1.8901521,7.3188043
71120,Bricklayer/Blocklayer,7,CRAFTSMEN AND RELATED TRADES WORKERS,0.26944968,4.263371
71130,Stonemason/Stone cutter/splitter/carver,7,CRAFTSMEN AND RELATED TRADES WORKERS,0.13779616,4.361424
71141,Concrete form worker,7,CRAFTSMEN AND RELATED TRADES WORKERS,0.07451113,4.4268312
71142,Cement finisher/Screeder,7,CRAFTSMEN AND RELATED TRADES WORKERS,0.116510555,4.490902
71149,Concrete placer/finisher and related worker n.e.c.,7,CRAFTSMEN AND RELATED TRADES WORKERS,0.18848322,4.619996
71151,Carpenter,7,CRAFTSMEN AND RELATED TRADES WORKERS,-0.030312946,4.509032
71152,Joiner,7,CRAFTSMEN AND RELATED TRADES WORKERS,0.04775551,4.572387
71191,Scaffolder,7,CRAFTSMEN AND RELATED TRADES WORKERS,0.12823066,4.441599
71192,Cladding/Curtain wall erector,7,CRAFTSMEN AND RELATED TRADES WORKERS,0.34510297,4.2547975
71199,Other building frame and related trades worker n.e.c.,7,CRAFTSMEN AND RELATED TRADES WORKERS,0.17075643,4.556048
71210,Roofer,7,CRAFTSMEN AND RELATED TRADES WORKERS,0.14961609,4.348141
71220,Floor/Wall tiler,7,CRAFTSMEN AND RELATED TRADES WORKERS,0.3691314,4.1927
71230,Plasterer,7,CRAFTSMEN AND RELATED TRADES WORKERS,0.4159018,4.164383
71241,Refrigeration/Air-conditioning equipment insulator,7,CRAFTSMEN AND RELATED TRADES WORKERS,-1.4845732,5.6303773
71242,Boiler/Pipe insulator,7,CRAFTSMEN AND RELATED TRADES WORKERS,-1.3290856,5.48869
71249,Insulation worker n.e.c.,7,CRAFTSMEN AND RELATED TRADES WORKERS,-1.3971939,5.5801215
71250,Glazier,7,CRAFTSMEN AND RELATED TRADES WORKERS,-0.17949043,4.633202
71261,Plumber,7,CRAFTSMEN AND RELATED TRADES WORKERS,-0.85422075,5.312927
71262,Pipe fitter,7,CRAFTSMEN AND RELATED TRADES WORKERS,-0.86593205,5.4120874
71263,Pipe/Drain layer,7,CRAFTSMEN AND RELATED TRADES WORKERS,-0.76924825,5.363149
71271,Air-conditioning/Refrigeration equipment mechanic,7,CRAFTSMEN AND RELATED TRADES WORKERS,-1.5665094,5.779415
71272,Air-conditioning/Refrigeration plant installer,7,CRAFTSMEN AND RELATED TRADES WORKERS,-1.5096601,5.7217193
71290,Building finisher and related trades worker n.e.c.,7,CRAFTSMEN AND RELATED TRADES WORKERS,0.22931395,4.645223
71311,Building painter,7,CRAFTSMEN AND RELATED TRADES WORKERS,0.84099686,4.0228243
71312,Wall/Ceiling paperhanger,7,CRAFTSMEN AND RELATED TRADES WORKERS,0.64637,4.0814624
71321,Structural steel/Ship painter,7,CRAFTSMEN AND RELATED TRADES WORKERS,0.85057867,4.04972
71322,Motor vehicle spray painter,7,CRAFTSMEN AND RELATED TRADES WORKERS,1.0573924,3.8790717
71323,Spray painter (excluding ships and motor vehicles),7,CRAFTSMEN AND RELATED TRADES WORKERS,0.94065857,3.9728498
71329,Spray painter/Varnisher and related painter n.e.c.,7,CRAFTSMEN AND RELATED TRADES WORKERS,0.97816,3.9264517
71331,Building maintenance worker,7,CRAFTSMEN AND RELATED TRADES WORKERS,0.94004864,4.3888597
71332,Building structure cleaner and related worker,7,CRAFTSMEN AND RELATED TRADES WORKERS,2.0222557,4.169983
72000,Supervisor/General foreman (metal/machinery and related trades),7,CRAFTSMEN AND RELATED TRADES WORKERS,1.8181427,7.318082
72110,Metal moulder/coremaker,7,CRAFTSMEN AND RELATED TRADES WORKERS,-0.46432143,4.89028
72120,Welder/Flame cutter,7,CRAFTSMEN AND RELATED TRADES WORKERS,-0.65483254,4.842229
72130,Sheet metal worker,7,CRAFTSMEN AND RELATED TRADES WORKERS,-0.48589456,4.8621764
72140,Structural metal preparer/erector,7,CRAFTSMEN AND RELATED TRADES WORKERS,-0.34782854,4.7227597
72150,Rigger/Cable splicer,7,CRAFTSMEN AND RELATED TRADES WORKERS,-0.25906792,4.8522253
72210,Blacksmith/Hammersmith/Forging-press worker,7,CRAFTSMEN AND RELATED TRADES WORKERS,-0.45290983,4.810304
72221,Tool/Die maker,7,CRAFTSMEN AND RELATED TRADES WORKERS,-0.53317696,5.0410604
72222,Locksmith,7,CRAFTSMEN AND RELATED TRADES WORKERS,-0.52680045,4.970879
72229,Toolmaker and related worker n.e.c.,7,CRAFTSMEN AND RELATED TRADES WORKERS,0.05220806,5.1263466
72240,Metal polisher/Wheel grinder/Tool sharpener,7,CRAFTSMEN AND RELATED TRADES WORKERS,-0.62616557,5.031331
72310,Automotive mechanic,7,CRAFTSMEN AND RELATED TRADES WORKERS,-1.3541961,7.696675
72320,Aircraft engine mechanic/repairer,7,CRAFTSMEN AND RELATED TRADES WORKERS,-1.0763509,7.843677
72330,Rolling stock mechanic,7,CRAFTSMEN AND RELATED TRADES WORKERS,-1.2064569,7.6105857
72340,Bicycle and related repairer,7,CRAFTSMEN AND RELATED TRADES WORKERS,-1.0071628,7.6388702
72350,Marine engine mechanic/repairer,7,CRAFTSMEN AND RELATED TRADES WORKERS,-1.2316575,7.9194956
72390,Machinery mechanic/fitter/repairer n.e.c.,7,CRAFTSMEN AND RELATED TRADES WORKERS,-0.10968882,5.5250907
73000,Supervisor/General foreman (precision/handicraft/printing and related trades),7,CRAFTSMEN AND RELATED TRADES WORKERS,1.822573,7.3061686
73111,Watch/Clock assembler/repairer,7,CRAFTSMEN AND RELATED TRADES WORKERS,-0.6578745,6.0525236
73112,Optical instrument maker/repairer,7,CRAFTSMEN AND RELATED TRADES WORKERS,-0.75802284,5.9397054
73113,Medical device assembler/repairer,7,CRAFTSMEN AND RELATED TRADES WORKERS,-0.6709895,6.107611
73119,Precision instrument maker/repairer n.e.c.,7,CRAFTSMEN AND RELATED TRADES WORKERS,-0.6054116,5.9274974
73120,Musical instrument maker/repairer/tuner,7,CRAFTSMEN AND RELATED TRADES WORKERS,0.8362781,5.64635
73130,Jewellery/Precious metal worker,7,CRAFTSMEN AND RELATED TRADES WORKERS,-0.55872244,4.9354386
73140,Potter and related worker,7,CRAFTSMEN AND RELATED TRADES WORKERS,-0.16620217,4.7792115
73150,Glass maker/cutter/grinder/finisher,7,CRAFTSMEN AND RELATED TRADES WORKERS,-0.38053942,4.776336
73160,Sign writer/Decorative painter/Engraver/Etcher,7,CRAFTSMEN AND RELATED TRADES WORKERS,0.9840354,4.4926906
73210,Pre-press trades worker,7,CRAFTSMEN AND RELATED TRADES WORKERS,0.5052833,5.6822863
73220,Printer,7,CRAFTSMEN AND RELATED TRADES WORKERS,0.49230665,5.625574
74001,Lift supervisor,7,CRAFTSMEN AND RELATED TRADES WORKERS,-0.63707185,7.225915
74002,"Supervisor/General foreman (electrical/electronic trades, excluding lift)",7,CRAFTSMEN AND RELATED TRADES WORKERS,1.8277229,7.293591
74110,Electrician,7,CRAFTSMEN AND RELATED TRADES WORKERS,-0.9897064,6.6719303
74121,Electrical fitter,7,CRAFTSMEN AND RELATED TRADES WORKERS,-0.8902077,6.546001
74122,Electrical lift/escalator and related equipment fitter,7,CRAFTSMEN AND RELATED TRADES WORKERS,-0.7763925,6.87113
74123,Electrical household appliance repairer,7,CRAFTSMEN AND RELATED TRADES WORKERS,-0.8977022,6.6163588
74131,Electrical line installer (overhead),7,CRAFTSMEN AND RELATED TRADES WORKERS,-0.7491951,6.659912
74132,Electric cable jointer,7,CRAFTSMEN AND RELATED TRADES WORKERS,-0.7953816,6.6484528
74133,Underground electrical line installer/repairer,7,CRAFTSMEN AND RELATED TRADES WORKERS,-0.74689376,6.6356044
74210,Electronics fitter (excluding broadcasting and communication equipment),7,CRAFTSMEN AND RELATED TRADES WORKERS,-0.8788296,6.610596
74221,Consumer audio/video equipment/radar broadcasting/transmitting equipment fitter/mechanic,7,CRAFTSMEN AND RELATED TRADES WORKERS,-0.4934044,6.679715
74222,Computer and related electronic equipment mechanic,7,CRAFTSMEN AND RELATED TRADES WORKERS,-0.7740676,6.811188
74223,Telecommunications lineman,7,CRAFTSMEN AND RELATED TRADES WORKERS,-0.62119687,6.846432
74224,Telecommunications installer/servicer,7,CRAFTSMEN AND RELATED TRADES WORKERS,-0.57086986,6.9288316
75000,Supervisor/General foreman (food processing/woodworking/garment/leather and related trades),7,CRAFTSMEN AND RELATED TRADES WORKERS,1.9101571,7.2162423
75110,Butcher/Fishmonger and related food preparer,7,CRAFTSMEN AND RELATED TRADES WORKERS,-1.0500088,3.7914617
75121,Baker,7,CRAFTSMEN AND RELATED TRADES WORKERS,-0.91822886,4.0290155
75122,Pastry/Confectionery maker,7,CRAFTSMEN AND RELATED TRADES WORKERS,-0.96666193,4.119696
75150,Food and beverage taster/grader,7,CRAFTSMEN AND RELATED TRADES WORKERS,-1.0045403,4.192187
75190,Food processing and related trades worker n.e.c.,7,CRAFTSMEN AND RELATED TRADES WORKERS,-0.7031785,4.2440605
75210,Wood treater,7,CRAFTSMEN AND RELATED TRADES WORKERS,-0.3028762,4.6474285
75220,Cabinet maker/Wood related trades worker,7,CRAFTSMEN AND RELATED TRADES WORKERS,0.108177096,4.71581
75290,Furniture maker and related trades worker n.e.c.,7,CRAFTSMEN AND RELATED TRADES WORKERS,0.32005587,4.8447857
75310,Tailor/Dressmaker,7,CRAFTSMEN AND RELATED TRADES WORKERS,0.51441723,4.816612
75320,Garment and related pattern-maker/cutter,7,CRAFTSMEN AND RELATED TRADES WORKERS,0.4948733,4.7721605
75340,Upholsterer and related worker,7,CRAFTSMEN AND RELATED TRADES WORKERS,0.37606344,4.716029
75361,Shoemaker/Cobbler,7,CRAFTSMEN AND RELATED TRADES WORKERS,0.36283728,4.6623974
75362,Leather goods maker/assembler,7,CRAFTSMEN AND RELATED TRADES WORKERS,0.38456145,4.694475
75369,Shoemaker and related worker n.e.c.,7,CRAFTSMEN AND RELATED TRADES WORKERS,0.40307388,4.79771
75390,Garment/Leather and related trades worker n.e.c.,7,CRAFTSMEN AND RELATED TRADES WORKERS,0.40734228,4.8640666
75410,Underwater diver,7,CRAFTSMEN AND RELATED TRADES WORKERS,-0.9527387,8.69638
75440,Fumigator and related pest/weed controller,7,CRAFTSMEN AND RELATED TRADES WORKERS,-0.50185674,3.9108987
75490,Craft and related worker n.e.c.,7,CRAFTSMEN AND RELATED TRADES WORKERS,0.27720705,4.858971
81000,Stationary plant/machine supervisor/general foreman,8,PLANT AND MACHINE OPERATORS AND ASSEMBLERS,1.8244932,7.3079305
81130,Well driller/borer and related mining worker,8,PLANT AND MACHINE OPERATORS AND ASSEMBLERS,-0.4945861,5.4665165
81140,Cement and related mineral products machine operator,8,PLANT AND MACHINE OPERATORS AND ASSEMBLERS,-0.3163169,5.256187
81210,Metal melter/caster/rolling mill operator,8,PLANT AND MACHINE OPERATORS AND ASSEMBLERS,-0.7022176,5.0278807
81220,Metal heat treating plant operator,8,PLANT AND MACHINE OPERATORS AND ASSEMBLERS,-0.90648997,5.0498896
81230,Metal drawer/extruder,8,PLANT AND MACHINE OPERATORS AND ASSEMBLERS,-0.5989644,5.072466
81240,Metal finishing/plating/coating machine operator,8,PLANT AND MACHINE OPERATORS AND ASSEMBLERS,-0.6620847,4.9394374
81251,Metalworking machine setter-operator,8,PLANT AND MACHINE OPERATORS AND ASSEMBLERS,-0.61341864,5.114818
81252,Precision grinding machine setter-operator,8,PLANT AND MACHINE OPERATORS AND ASSEMBLERS,-0.57797223,5.112668
81259,Machine-tool setter-operator n.e.c.,8,PLANT AND MACHINE OPERATORS AND ASSEMBLERS,-0.15930706,5.399146
81311,Chemical processing/products plant/machine operator,8,PLANT AND MACHINE OPERATORS AND ASSEMBLERS,-1.2913854,4.643952
81312,Pharmaceutical products machine operator,8,PLANT AND MACHINE OPERATORS AND ASSEMBLERS,-1.3617331,4.4856005
81320,Photographic products machine operator,8,PLANT AND MACHINE OPERATORS AND ASSEMBLERS,0.42993832,5.735587
81390,Chemical processing/chemical/photographic products plant/machine operator n.e.c.,8,PLANT AND MACHINE OPERATORS AND ASSEMBLERS,-0.074455224,5.3824587
81410,Rubber products machine operator,8,PLANT AND MACHINE OPERATORS AND ASSEMBLERS,-0.4367058,5.04066
81420,Plastic products machine operator,8,PLANT AND MACHINE OPERATORS AND ASSEMBLERS,-0.36994046,4.943893
81430,Paper/Paperboard products machine operator,8,PLANT AND MACHINE OPERATORS AND ASSEMBLERS,-0.11152857,5.1725903
81501,Sewing machine operator,8,PLANT AND MACHINE OPERATORS AND ASSEMBLERS,0.2791584,4.916715
81502,"Laundry/Dry cleaning worker (machine, non-household)",8,PLANT AND MACHINE OPERATORS AND ASSEMBLERS,1.8958296,4.3177047
81509,Textile/Fur/Leather products machine operator n.e.c.,8,PLANT AND MACHINE OPERATORS AND ASSEMBLERS,0.28917658,5.07153
81601,Meat/Fish products machine operator,8,PLANT AND MACHINE OPERATORS AND ASSEMBLERS,-1.0367999,4.001803
81602,Dairy/Confectionery products machine operator,8,PLANT AND MACHINE OPERATORS AND ASSEMBLERS,-1.0721895,4.0406013
81603,Baked/Cereal products machine operator,8,PLANT AND MACHINE OPERATORS AND ASSEMBLERS,-1.0325996,4.0249796
81604,Brewer/Wine and related beverages machine operator,8,PLANT AND MACHINE OPERATORS AND ASSEMBLERS,-1.0869254,4.04405
81609,Food and related products machine operator n.e.c.,8,PLANT AND MACHINE OPERATORS AND ASSEMBLERS,-0.9893975,4.079031
81700,Wood processing/Papermaking plant operator,8,PLANT AND MACHINE OPERATORS AND ASSEMBLERS,-0.28644067,4.7811317
81810,Glass/Ceramics plant operator,8,PLANT AND MACHINE OPERATORS AND ASSEMBLERS,-0.47654873,4.7617307
81821,Boiler fireman,8,PLANT AND MACHINE OPERATORS AND ASSEMBLERS,-1.2660807,5.3558135
81822,Ship’s oiler/greaser,8,PLANT AND MACHINE OPERATORS AND ASSEMBLERS,-1.1937885,8.562872
81829,Steam engine/boiler operator n.e.c.,8,PLANT AND MACHINE OPERATORS AND ASSEMBLERS,-1.0958586,5.4437084
81830,Packing/Bottling/Labelling machine operator,8,PLANT AND MACHINE OPERATORS AND ASSEMBLERS,0.42704612,7.2520704
81841,Printing machine operator,8,PLANT AND MACHINE OPERATORS AND ASSEMBLERS,0.4901556,5.5660067
81842,Bookbinding machine operator,8,PLANT AND MACHINE OPERATORS AND ASSEMBLERS,0.5174281,5.600825
81849,Printing/Binding and related machine operator n.e.c.,8,PLANT AND MACHINE OPERATORS AND ASSEMBLERS,0.3553884,5.4435263
81890,Stationary plant/machine operator n.e.c.,8,PLANT AND MACHINE OPERATORS AND ASSEMBLERS,-0.090999946,5.4345217
82000,Supervisor/General foreman of assemblers/quality checkers,8,PLANT AND MACHINE OPERATORS AND ASSEMBLERS,1.789608,7.2684956
82110,Mechanical equipment/component assembler,8,PLANT AND MACHINE OPERATORS AND ASSEMBLERS,-1.1963865,6.4772944
82121,Electrical equipment/component assembler,8,PLANT AND MACHINE OPERATORS AND ASSEMBLERS,-1.0874223,6.541164
82122,Electronic equipment/component assembler,8,PLANT AND MACHINE OPERATORS AND ASSEMBLERS,-1.1129594,6.5495286
82123,Battery assembler,8,PLANT AND MACHINE OPERATORS AND ASSEMBLERS,-1.1617035,6.4871626
82131,Electrical/Electronic products quality checker/tester,8,PLANT AND MACHINE OPERATORS AND ASSEMBLERS,-2.9936545,5.7404118
82132,Mechanical products quality checker/tester,8,PLANT AND MACHINE OPERATORS AND ASSEMBLERS,-3.0237296,5.7399526
82139,Quality checker/tester n.e.c.,8,PLANT AND MACHINE OPERATORS AND ASSEMBLERS,-3.00066,5.788124
82190,Assembler n.e.c.,8,PLANT AND MACHINE OPERATORS AND ASSEMBLERS,-1.1573546,6.454939
83000,Mobile machinery supervisor/general foreman,8,PLANT AND MACHINE OPERATORS AND ASSEMBLERS,1.7598457,7.449447
83110,Train operator,8,PLANT AND MACHINE OPERATORS AND ASSEMBLERS,1.2816263,8.170176
83120,Railway braker and related worker,8,PLANT AND MACHINE OPERATORS AND ASSEMBLERS,1.1313518,8.273577
83211,Motorcycle delivery worker,8,PLANT AND MACHINE OPERATORS AND ASSEMBLERS,0.9998045,7.6373076
83212,Delivery worker using motorised personal mobility aids/devices,8,PLANT AND MACHINE OPERATORS AND ASSEMBLERS,1.106981,7.6188107
83221,Taxi driver,8,PLANT AND MACHINE OPERATORS AND ASSEMBLERS,1.0781387,7.634846
83222,Chauffeur,8,PLANT AND MACHINE OPERATORS AND ASSEMBLERS,1.1074156,7.673375
83223,Van driver,8,PLANT AND MACHINE OPERATORS AND ASSEMBLERS,1.0693558,7.6731477
83224,Ambulance driver,8,PLANT AND MACHINE OPERATORS AND ASSEMBLERS,1.1093514,7.67716
83225,Parking valet,8,PLANT AND MACHINE OPERATORS AND ASSEMBLERS,1.1325248,7.593345
83226,Private-hire car driver,8,PLANT AND MACHINE OPERATORS AND ASSEMBLERS,1.0538818,7.676177
83229,Car/Taxi/Van/Light goods vehicle driver n.e.c.,8,PLANT AND MACHINE OPERATORS AND ASSEMBLERS,1.0960268,7.636932
83311,Bus driver,8,PLANT AND MACHINE OPERATORS AND ASSEMBLERS,1.1381943,7.7174845
83312,Tram driver,8,PLANT AND MACHINE OPERATORS AND ASSEMBLERS,1.1388643,7.779028
83321,Lorry driver,8,PLANT AND MACHINE OPERATORS AND ASSEMBLERS,0.8710635,7.634881
83322,Trailer-truck driver,8,PLANT AND MACHINE OPERATORS AND ASSEMBLERS,0.7666823,7.5799217
83323,Concrete mix truck driver,8,PLANT AND MACHINE OPERATORS AND ASSEMBLERS,0.72762614,7.5779114
83324,Waste truck driver,8,PLANT AND MACHINE OPERATORS AND ASSEMBLERS,0.8110289,7.490656
83329,Heavy truck/Lorry driver n.e.c.,8,PLANT AND MACHINE OPERATORS AND ASSEMBLERS,0.8229433,7.5640836
83421,Excavating/Trench digging machine operator,8,PLANT AND MACHINE OPERATORS AND ASSEMBLERS,-0.31570673,5.560462
83422,Dredge operator,8,PLANT AND MACHINE OPERATORS AND ASSEMBLERS,-0.28297833,5.618277
83423,Pile driver/drilling machine operator,8,PLANT AND MACHINE OPERATORS AND ASSEMBLERS,-0.29548803,5.602717
83424,Tunnelling machine operator,8,PLANT AND MACHINE OPERATORS AND ASSEMBLERS,-0.36164516,5.535505
83429,Earth moving and related machinery operator n.e.c.,8,PLANT AND MACHINE OPERATORS AND ASSEMBLERS,-0.21031626,5.577289
83431,Crane/Hoist operator (excluding port),8,PLANT AND MACHINE OPERATORS AND ASSEMBLERS,0.22185242,7.1411667
83432,Crane operator (on-site),8,PLANT AND MACHINE OPERATORS AND ASSEMBLERS,0.21098582,7.2180433
83439,Crane/Hoist and related equipment operator n.e.c.,8,PLANT AND MACHINE OPERATORS AND ASSEMBLERS,0.27542013,7.161855
83441,Fork lift truck operator,8,PLANT AND MACHINE OPERATORS AND ASSEMBLERS,0.4743232,7.5926795
83449,Lifting truck operator n.e.c.,8,PLANT AND MACHINE OPERATORS AND ASSEMBLERS,0.4794303,7.5758686
83491,Motorised sweeper operator,8,PLANT AND MACHINE OPERATORS AND ASSEMBLERS,2.2681012,4.3415713
83492,Airport mobile equipment operator,8,PLANT AND MACHINE OPERATORS AND ASSEMBLERS,0.3122129,7.9528594
83499,Other mobile machinery operator n.e.c.,8,PLANT AND MACHINE OPERATORS AND ASSEMBLERS,-0.12513576,5.571295
83501,Port limit helmsman/steersman/engine driver/tugmaster,8,PLANT AND MACHINE OPERATORS AND ASSEMBLERS,-1.0608749,8.924135
83502,Deckhand,8,PLANT AND MACHINE OPERATORS AND ASSEMBLERS,-1.1201034,8.846233
83509,Ship’s deck crew and related worker n.e.c.,8,PLANT AND MACHINE OPERATORS AND ASSEMBLERS,-1.0622022,8.898844
91000,Cleaning supervisor,9,"CLEANERS, LABOURERS AND RELATED WORKERS",2.5557613,4.706097
91121,Housekeeping/Linen room attendant,9,"CLEANERS, LABOURERS AND RELATED WORKERS",2.7976704,4.6693525
91122,Hotel cleaner,9,"CLEANERS, LABOURERS AND RELATED WORKERS",2.4854603,4.4680195
91129,Cleaner/Helper in hotel and related establishment n.e.c.,9,"CLEANERS, LABOURERS AND RELATED WORKERS",2.6035573,4.5266786
91131,Office/Commercial/Industrial establishment indoor cleaner,9,"CLEANERS, LABOURERS AND RELATED WORKERS",2.2879584,4.3235636
91132,Office/Commercial/Industrial establishment outdoor cleaner,9,"CLEANERS, LABOURERS AND RELATED WORKERS",2.2738767,4.2991624
91133,Office/Commercial/Industrial establishment multi-skilled cleaner cum machine operator,9,"CLEANERS, LABOURERS AND RELATED WORKERS",2.1786332,4.2069683
91151,Food and beverage establishment general cleaner,9,"CLEANERS, LABOURERS AND RELATED WORKERS",2.4671504,4.4434414
91152,Table-top cleaner,9,"CLEANERS, LABOURERS AND RELATED WORKERS",2.312871,4.3287315
91153,Dishwasher,9,"CLEANERS, LABOURERS AND RELATED WORKERS",2.3644695,4.3313594
91154,Food and beverage establishment multi-skilled cleaner cum machine operator,9,"CLEANERS, LABOURERS AND RELATED WORKERS",2.2599096,4.250351
91161,Residential/Open areas general cleaner,9,"CLEANERS, LABOURERS AND RELATED WORKERS",2.3578799,4.332854
91162,Residential/Open areas multi-skilled cleaner cum machine operator,9,"CLEANERS, LABOURERS AND RELATED WORKERS",2.3024673,4.320757
91210,Hand launderer/presser (non-household),9,"CLEANERS, LABOURERS AND RELATED WORKERS",2.2912016,4.3478584
91220,Motor vehicle cleaner/polisher,9,"CLEANERS, LABOURERS AND RELATED WORKERS",2.1253147,4.1417184
91230,Window cleaner,9,"CLEANERS, LABOURERS AND RELATED WORKERS",2.100319,4.172383
91291,Ship/Ship tank cleaner,9,"CLEANERS, LABOURERS AND RELATED WORKERS",2.1125975,4.1245465
91292,Aircraft cleaner,9,"CLEANERS, LABOURERS AND RELATED WORKERS",2.1220942,4.1105103
91293,Railway carriage cleaner,9,"CLEANERS, LABOURERS AND RELATED WORKERS",2.1198335,4.1139865
91299,Other cleaning worker n.e.c.,9,"CLEANERS, LABOURERS AND RELATED WORKERS",2.1055725,4.1529183
91300,Domestic helper/cleaner,9,"CLEANERS, LABOURERS AND RELATED WORKERS",2.7754772,4.6212845
92141,Tree worker/technician,9,"CLEANERS, LABOURERS AND RELATED WORKERS",-0.8419808,3.0975842
92142,Landscape worker,9,"CLEANERS, LABOURERS AND RELATED WORKERS",-0.83225995,3.041626
92149,Park/Garden/Landscape maintenance worker n.e.c.,9,"CLEANERS, LABOURERS AND RELATED WORKERS",-0.8137436,3.04846
92190,Agricultural/Fishery and related labourer n.e.c.,9,"CLEANERS, LABOURERS AND RELATED WORKERS",-1.1287283,2.929661
93100,Civil engineering/Building construction labourer,9,"CLEANERS, LABOURERS AND RELATED WORKERS",-0.2564518,5.471725
93201,Hand packer,9,"CLEANERS, LABOURERS AND RELATED WORKERS",0.4913546,7.520276
93209,Manufacturing labourer and related worker n.e.c.,9,"CLEANERS, LABOURERS AND RELATED WORKERS",0.27679205,5.04105
93310,Hand/Pedal vehicle driver,9,"CLEANERS, LABOURERS AND RELATED WORKERS",1.0779079,7.6179614
93331,Stevedore,9,"CLEANERS, LABOURERS AND RELATED WORKERS",0.50252265,7.8026676
93332,Railway/Road vehicle loader,9,"CLEANERS, LABOURERS AND RELATED WORKERS",0.54061335,7.7658434
93333,Aircraft loader,9,"CLEANERS, LABOURERS AND RELATED WORKERS",0.50037295,7.8356657
93334,Warehouse worker,9,"CLEANERS, LABOURERS AND RELATED WORKERS",0.61319995,7.7249813
93335,Vehicle attendant,9,"CLEANERS, LABOURERS AND RELATED WORKERS",0.78671217,7.721536
93336,Mover,9,"CLEANERS, LABOURERS AND RELATED WORKERS",0.5567767,7.782586
93337,Lashing worker,9,"CLEANERS, LABOURERS AND RELATED WORKERS",0.48174918,7.707601
93339,Material/Freight handling worker n.e.c.,9,"CLEANERS, LABOURERS AND RELATED WORKERS",0.5833613,7.7008176
94101,Kitchen assistant,9,"CLEANERS, LABOURERS AND RELATED WORKERS",4.046088,4.669247
94102,Food/Drink stall assistant,9,"CLEANERS, LABOURERS AND RELATED WORKERS",3.9662645,4.8004766
94103,Fast food preparer,9,"CLEANERS, LABOURERS AND RELATED WORKERS",4.1036005,4.7207174
94104,"Tea server/steward (excluding bartender, barista and food/drink stall assistant)",9,"CLEANERS, LABOURERS AND RELATED WORKERS",3.7637084,4.8544407
96000,Waste collection/recycling/material recovery supervisor,9,"CLEANERS, LABOURERS AND RELATED WORKERS",2.1659088,4.7528367
96101,General waste collection/recycling/material recovery worker,9,"CLEANERS, LABOURERS AND RELATED WORKERS",2.1426826,4.7172403
96102,Waste recycling sorter,9,"CLEANERS, LABOURERS AND RELATED WORKERS",2.1576483,4.700952
96109,Waste collection/recycling/material recovery worker n.e.c.,9,"CLEANERS, LABOURERS AND RELATED WORKERS",2.1574788,4.699952
96211,Bell captain,9,"CLEANERS, LABOURERS AND RELATED WORKERS",1.5114969,7.7967124
96212,Bellboy/Hotel porter,9,"CLEANERS, LABOURERS AND RELATED WORKERS",3.2186618,5.7248006
96213,Porter (excluding hotel),9,"CLEANERS, LABOURERS AND RELATED WORKERS",0.96331537,7.921345
96251,Office/Library attendant,9,"CLEANERS, LABOURERS AND RELATED WORKERS",2.9754612,5.515194
96252,Laboratory attendant,9,"CLEANERS, LABOURERS AND RELATED WORKERS",2.9508069,5.2821355
96253,Hospital/Clinic attendant,9,"CLEANERS, LABOURERS AND RELATED WORKERS",3.170436,5.0759935
96254,Car park attendant,9,"CLEANERS, LABOURERS AND RELATED WORKERS",3.143117,5.506077
96255,Sports/Recreational attendant,9,"CLEANERS, LABOURERS AND RELATED WORKERS",3.589477,5.6657953
96256,Bus attendant,9,"CLEANERS, LABOURERS AND RELATED WORKERS",3.022267,5.476627
96257,Restroom attendant,9,"CLEANERS, LABOURERS AND RELATED WORKERS",2.9351168,5.1406403
96259,Attendant n.e.c.,9,"CLEANERS, LABOURERS AND RELATED WORKERS",3.0306017,5.400508
96261,Building caretaker,9,"CLEANERS, LABOURERS AND RELATED WORKERS",2.9354584,5.4110246
96262,Doorman,9,"CLEANERS, LABOURERS AND RELATED WORKERS",3.1032405,5.5462203
96269,Building caretaker and related worker n.e.c.,9,"CLEANERS, LABOURERS AND RELATED WORKERS",2.772316,5.503075
96271,Chief concierge (hotel),9,"CLEANERS, LABOURERS AND RELATED WORKERS",3.6480243,5.7776127
96272,Concierge (hotel),9,"CLEANERS, LABOURERS AND RELATED WORKERS",3.6602235,5.79238
96291,Leaflet/Newspaper distributor/deliverer,9,"CLEANERS, LABOURERS AND RELATED WORKERS",2.601333,7.5973663
96292,Meter reader/Vending-machine collector,9,"CLEANERS, LABOURERS AND RELATED WORKERS",2.7399464,7.5869694
96293,Odd job person,9,"CLEANERS, LABOURERS AND RELATED WORKERS",2.4994094,7.3649077
96299,Other elementary worker n.e.c.,9,"CLEANERS, LABOURERS AND RELATED WORKERS",2.7424405,7.412251
